,Pseudotime
male1_AAACCGCGTTAGCATG-1,0.6076360940933228
male1_AAACCGGCATTAGCGC-1,0.7227350473403931
male1_AAAGGAGCAAGCTTAT-1,0.6696711182594299
male1_AAATCCGGTTCCAGGG-1,0.6748086810112
male1_AACAAGCCATCACTTC-1,0.6414092779159546
male1_AACATCATCTCATCAT-1,0.6597381830215454
male1_AACATTGTCAATTACG-1,0.6609181761741638
male1_AACATTGTCCTCACTA-1,0.6505658626556396
male1_AACGCCCAGGCGTAAA-1,0.6693370938301086
male1_AACGGTAAGTAAAGGT-1,0.0
male1_AACTGTTCACTGACCG-1,0.6682282090187073
male1_AAGAATCAGCTAATCA-1,0.6596937775611877
male1_AAGACCAAGTAACAGG-1,0.6112992167472839
male1_AAGCATGAGTAGGATG-1,0.6584094762802124
male1_AAGCCTCCACAAAGAC-1,0.6702109575271606
male1_AAGCGCTGTATTGAGT-1,0.6623117923736572
male1_AAGCTAGAGGCAACAA-1,0.6950128674507141
male1_AAGGATCCATAGGCGA-1,0.6359548568725586
male1_AAGGTGCAGTCACTCC-1,0.6103782057762146
male1_AAGTAGCCATTTAAGC-1,0.044599197804927826
male1_AAGTTTGTCAATCATG-1,0.657595157623291
male1_AATCCGTAGTGTTGTA-1,0.7002041935920715
male1_AATTACCCAAACTAAG-1,0.7193727493286133
male1_AATTCGTCAACCTAAT-1,0.673140287399292
male1_AATTGGGAGTTACCGG-1,0.6066141128540039
male1_AATTTCCTCTGTAATG-1,0.6767938137054443
male1_AATTTGGTCAATGACC-1,0.6685150861740112
male1_ACAACACTCGTTACAA-1,0.6244974136352539
male1_ACAACAGAGGCTAGAA-1,0.6231958866119385
male1_ACACAATGTGCTCCAC-1,0.6462493538856506
male1_ACAGCGCTCGCTTCTA-1,0.601990282535553
male1_ACAGCGCTCTATCGCC-1,0.6566449403762817
male1_ACAGGTAAGAGGAGGA-1,0.7247111201286316
male1_ACAGGTAAGTAACCCG-1,0.6455003023147583
male1_ACATCAATCGGTAACT-1,0.6383370757102966
male1_ACCAAGTTCATAAGCC-1,0.6566894054412842
male1_ACCAAGTTCTTGCATT-1,0.6647782921791077
male1_ACCACATAGGGACTAA-1,0.6842818856239319
male1_ACCAGGACAGCTTAAT-1,0.6708859801292419
male1_ACCCAGGGTGTCCAAA-1,0.6321653127670288
male1_ACCCGGTAGACTATTG-1,0.6895390748977661
male1_ACCCGGTAGTACCGCA-1,0.6588226556777954
male1_ACCCGTAAGTGCACGC-1,0.6468455791473389
male1_ACCGAAGCAGGCCATT-1,0.6469781994819641
male1_ACCGGCTAGGTCCTGA-1,0.6643606424331665
male1_ACCGGTTCAGGACCTT-1,0.6461935639381409
male1_ACCTGTTGTTAGGATT-1,0.6903215646743774
male1_ACCTGTTGTTTAGTCC-1,0.6159572005271912
male1_ACCTTCATCGCTCCAT-1,0.6660860180854797
male1_ACCTTGCTCTCACTCA-1,0.6626677513122559
male1_ACGAGTAAGTTAGCCG-1,0.6570162773132324
male1_ACGCACGGTTTGGGTA-1,0.6381629705429077
male1_ACGCCTAAGTAGGATG-1,0.6621367335319519
male1_ACGCTTGAGGAGGACT-1,0.6508932709693909
male1_ACGCTTGAGTCATCCC-1,0.7007613778114319
male1_ACGTTACAGGGTGGAT-1,0.645347535610199
male1_ACTAACCAGAACCTGT-1,0.6651095747947693
male1_ACTAACTCAGGTTCAC-1,0.6992113590240479
male1_ACTGAAACAGTACCGT-1,0.6910600662231445
male1_ACTTGCACAAGCTACC-1,0.681381344795227
male1_ACTTTGTTCGGTTTCC-1,0.6607790589332581
male1_AGAACAAGTGTCACGG-1,0.6361080408096313
male1_AGACCCGGTAAAGCAA-1,0.6883856654167175
male1_AGACTATGTTCCATTA-1,0.7083116769790649
male1_AGATGCTTCTTGCAAA-1,0.6785042881965637
male1_AGCAAATAGTTGCGTG-1,0.6837446093559265
male1_AGCAATTGTGTTGCAA-1,0.6741209626197815
male1_AGCACTAGTAAAGCGG-1,0.6579384803771973
male1_AGCCAGTGTAGGTTTG-1,0.6408146023750305
male1_AGCCAGTGTGTGAGAG-1,0.6587328910827637
male1_AGCCGCTAGCTTATGA-1,0.6554620265960693
male1_AGCCTAGTCAGGATGA-1,0.626039981842041
male1_AGCGCCTAGGTCAAAG-1,0.6331297755241394
male1_AGCTACGTCTAAGTGC-1,0.6131607294082642
male1_AGCTTAATCAAGACTC-1,0.6725117564201355
male1_AGCTTGGTCCTGCGAA-1,0.6875304579734802
male1_AGCTTTAAGACTAAGG-1,0.6287805438041687
male1_AGCTTTAAGTCCTGAG-1,0.6590785384178162
male1_AGGATGCAGGACTTAC-1,0.7174578905105591
male1_AGGCAATCAGCTTACA-1,0.6537253260612488
male1_AGGCTAGCACATAACT-1,0.7009450793266296
male1_AGGGCTACACTCGCTC-1,0.6631889343261719
male1_AGGTGAGGTCAAGTGC-1,0.6534361839294434
male1_AGGTGAGGTGCTGTAA-1,0.6106956601142883
male1_AGGTTTGGTCATGCCC-1,0.60930335521698
male1_AGTAAACAGGTCAAAG-1,0.6848184466362
male1_AGTAAACAGTCCTTCA-1,0.6444846987724304
male1_AGTAAACAGTGAGGTA-1,0.6507881879806519
male1_AGTAAGTAGGGATGAC-1,0.5889947414398193
male1_AGTAATCGTGTGTCCC-1,0.6029430627822876
male1_AGTAGCTTCAGCAAGA-1,0.7044219374656677
male1_AGTATAGCACGTTACA-1,0.6470555663108826
male1_AGTCTTGCATAAGTTC-1,0.6285938620567322
male1_AGTGAACCAGGATTAA-1,0.6106426119804382
male1_AGTTGCAGTATTTGCC-1,0.6680095791816711
male1_AGTTGCGTCGAAGCGG-1,0.6412919163703918
male1_AGTTGCGTCTCTAGCC-1,0.6268473863601685
male1_AGTTGGCGTGTAACCA-1,0.6673625111579895
male1_ATAAGTCGTGAGCAAG-1,0.621320903301239
male1_ATAATGGCATAGCGGA-1,0.7286372780799866
male1_ATAGATGCACGAATCC-1,0.6134896278381348
male1_ATAGGTACATAGACTT-1,0.651830792427063
male1_ATAGGTACATGTCAGC-1,0.6408013105392456
male1_ATATGCATCCGCAAAT-1,0.656907320022583
male1_ATCACCCTCCGCCTAT-1,0.6623619794845581
male1_ATCCATAAGATACTTG-1,0.6252548098564148
male1_ATCGCCCGTAGTTGGC-1,0.6429505348205566
male1_ATCGCCCGTGTTGTAG-1,0.6259423494338989
male1_ATGACAACACCATATG-1,0.6218207478523254
male1_ATGATGACAGCATGGA-1,0.6199960112571716
male1_ATGCAAACAAGGTGCA-1,0.679150402545929
male1_ATGCCTGAGCTATTGA-1,0.6638370752334595
male1_ATGCGATTCGATCAGT-1,0.6538535356521606
male1_ATGGCCCAGGGCTTAT-1,0.6841056942939758
male1_ATGGCCCAGTAGCGGG-1,0.6311126947402954
male1_ATGGCTGTCAATTGGC-1,0.676304817199707
male1_ATGGCTGTCCATAAGC-1,0.602062463760376
male1_ATGGCTGTCTTGGACG-1,0.6289265751838684
male1_ATGGTGCGTTGTGACA-1,0.5967576503753662
male1_ATGGTTATCATGGTTA-1,0.6718717813491821
male1_ATGTCAATCGCTATGG-1,0.6646766066551208
male1_ATGTGAGAGGCTATGT-1,0.7229354381561279
male1_ATGTTCAAGCTAAAGG-1,0.666420042514801
male1_ATTATCCTCATGAAGG-1,0.6468499898910522
male1_ATTCACTTCTGTAAGC-1,0.6746748685836792
male1_ATTCCGGAGTGCACGC-1,0.04894779622554779
male1_ATTGCAGGTTAGGTTG-1,0.6443468332290649
male1_ATTGCGCCAGGAACCA-1,0.60565185546875
male1_ATTGGCTAGCAGGTGG-1,0.6469901204109192
male1_ATTGGCTAGGATCCGC-1,0.6703776717185974
male1_ATTTGCGCAGCGCTTG-1,0.6577242016792297
male1_CAAACACTCGGTTTCC-1,0.6434270739555359
male1_CAAACGCGTGATCAGC-1,0.782021701335907
male1_CAACTAGGTCTCAGCC-1,0.6779639720916748
male1_CAAGACAAGGTCGATT-1,0.688795268535614
male1_CAAGGCTGTGATGGCT-1,0.03154009208083153
male1_CAAGGGAGTGTTTGTC-1,0.6618989109992981
male1_CAATCTAAGACACCGC-1,0.6557471752166748
male1_CAATCTAAGGCGAATA-1,0.617800235748291
male1_CAATGAACAGAAATGC-1,0.7097831964492798
male1_CAATGTGGTGGATGTC-1,0.6132115721702576
male1_CACATACAGACACCGC-1,0.6702581644058228
male1_CACCGGTAGACTTACA-1,0.6477201581001282
male1_CACCTCAGTTCACTGT-1,0.7525435090065002
male1_CACCTGTTCTTGAGGT-1,0.6244542598724365
male1_CACGCAATCGCTAGTG-1,0.626785397529602
male1_CACTAAGGTTAGTACG-1,0.7067143321037292
male1_CACTAGCCATGAGTTT-1,0.6018620729446411
male1_CACTGACCACGTAATT-1,0.6139278411865234
male1_CAGCATGTCAGCCAAT-1,0.652195930480957
male1_CAGCATTAGACAACGA-1,0.6805355548858643
male1_CAGCTAAGTGGTTATG-1,0.6061366200447083
male1_CAGCTATAGGTTAGAG-1,0.6715618371963501
male1_CAGCTCAAGGCTATGT-1,0.672383725643158
male1_CAGGATGCAGATAGAC-1,0.6913735866546631
male1_CATAAGCTCACTTCAT-1,0.6457167863845825
male1_CATAATCCACCGTTCC-1,0.6754406094551086
male1_CATAGGCGTTCATTTG-1,0.6821883320808411
male1_CATAGGTTCCTTGCGT-1,0.6606013774871826
male1_CATAGTCAGAACAAGT-1,0.23194360733032227
male1_CATAGTCAGGCCCAGT-1,0.6321564316749573
male1_CATCGCTTCTCAATTC-1,0.6360767483711243
male1_CATTATGAGGTTAGCT-1,0.7018828392028809
male1_CATTCATTCTGTAAGC-1,0.6324005126953125
male1_CATTGTGCACATTGCA-1,0.5982673764228821
male1_CCAAATCAGGCATTAC-1,0.6954836249351501
male1_CCAACATAGACAGGTA-1,0.6233406066894531
male1_CCAAGTTAGTAACGGA-1,0.6935263872146606
male1_CCACAATAGGATCACT-1,0.6908285021781921
male1_CCATAGCCAGTTAGCC-1,0.7140023708343506
male1_CCATCACTCTTTAAGG-1,0.6245378851890564
male1_CCATCATGTATTTGGG-1,0.6427647471427917
male1_CCCGCAACATGCATAT-1,0.6600726842880249
male1_CCCGCTTCAGCAAGGC-1,0.6334861516952515
male1_CCCGCTTCAGTTATGT-1,0.6418007612228394
male1_CCCGCTTCATCATGGC-1,0.6071707606315613
male1_CCCGTAAAGATAGACG-1,0.6478874683380127
male1_CCGTTGCGTGGGTGAA-1,0.6581053137779236
male1_CCTAAGTAGCGCCTAA-1,0.6555754542350769
male1_CCTAATAAGTTAGCTA-1,0.6746904253959656
male1_CCTAATCGTCAATACG-1,0.6870578527450562
male1_CCTACTGGTTTAGCTC-1,0.6143649220466614
male1_CCTCAAACAATATAGG-1,0.6381595134735107
male1_CCTCCTCTCCCGCATT-1,0.6552706360816956
male1_CCTCCTGAGCAGGCCT-1,0.67472904920578
male1_CCTCCTGAGCTCAAAC-1,0.6684447526931763
male1_CCTGAATAGTACTGGT-1,0.7030906677246094
male1_CCTGAGTCAAACATAG-1,0.651969850063324
male1_CCTGAGTCACAATTAC-1,0.6543049216270447
male1_CCTGGTAAGTTGTCTT-1,0.673489511013031
male1_CCTTCAATCTTGACCC-1,0.6433007717132568
male1_CGAAGCCTCCGCAACA-1,0.6231226325035095
male1_CGAAGCGAGACAAAGT-1,0.6373631358146667
male1_CGAAGCGAGTAAACCC-1,0.6446421146392822
male1_CGAATATGTACGTTTC-1,0.77866131067276
male1_CGAGGTGAGCTTTGTT-1,0.6885950565338135
male1_CGATTCCTCCAGGGAG-1,0.6375666856765747
male1_CGCAAATTCATTACGA-1,0.6663469076156616
male1_CGCAAATTCATTTGCT-1,0.6451100707054138
male1_CGCAATCCAAAGCTAA-1,0.6237748265266418
male1_CGCAATTAGTTTGGTA-1,0.6737310290336609
male1_CGCACAATCAGTTCCC-1,0.6139763593673706
male1_CGCATTTGTGACATAT-1,0.7379275560379028
male1_CGCCAAATCCTCCTAA-1,0.7137287259101868
male1_CGCCACACAATGAGGT-1,0.6621560454368591
male1_CGCCTCATCATAACCA-1,0.6372947692871094
male1_CGCCTCATCCACCTGT-1,0.6293750405311584
male1_CGCCTGTGTAGCCTCC-1,0.6584807634353638
male1_CGCGGATTCCCAGTAG-1,0.6681293845176697
male1_CGCTGTGCAACTCGCG-1,0.6746667623519897
male1_CGCTTAACAGGATTAA-1,0.6541041135787964
male1_CGCTTGCGTTAGTTGG-1,0.638687252998352
male1_CGGAATCGTTCATCTA-1,0.70912766456604
male1_CGGACCTAGGAAGCAC-1,0.6463189125061035
male1_CGGATAAAGGTCTTGG-1,0.6890561580657959
male1_CGGATAAAGTGTTGTA-1,0.6738565564155579
male1_CGGCCATAGGTTTGAC-1,0.6907684206962585
male1_CGGCTAATCTACTAAG-1,0.6403470635414124
male1_CGGTTATAGGCCTAAT-1,0.05401206761598587
male1_CGGTTGGGTAATTAGC-1,0.7630318999290466
male1_CGTAACCCACTAGCGT-1,0.6521768569946289
male1_CGTAATGGTCATTGAG-1,0.6939441561698914
male1_CGTAGCGGTTGTGACA-1,0.6263863444328308
male1_CGTGAGGAGGACAACA-1,0.7525129318237305
male1_CGTGAGGAGTGCTGTG-1,0.6144192218780518
male1_CGTTTCTCAACAGCCT-1,0.6015810966491699
male1_CGTTTGGAGTACCGCA-1,0.677376389503479
male1_CTAAAGCTCATTGCAA-1,0.674839437007904
male1_CTAAATGTCTTTGTAC-1,0.6257644295692444
male1_CTAACCCTCTCACAAA-1,0.6761746406555176
male1_CTACAACAGCTTATGA-1,0.6542643904685974
male1_CTAGCTTGTCCACAAA-1,0.6593401432037354
male1_CTAGTAATCAGGTTTA-1,0.7591779828071594
male1_CTAGTTGCATGTTTGG-1,0.7119687795639038
male1_CTATGAGGTTGTAACG-1,0.6641374826431274
male1_CTCACAACAGGAACCA-1,0.6708136796951294
male1_CTCACTCAGTATTGGC-1,0.6526245474815369
male1_CTCAGGATCTCGCCCA-1,0.6837308406829834
male1_CTCATCATCACGCATG-1,0.6169185638427734
male1_CTCATTGTCTGGCTTC-1,0.6093833446502686
male1_CTCCAAACACCTGGTG-1,0.6574723720550537
male1_CTCCATCAGGCAATAG-1,0.6728464365005493
male1_CTCCATCAGGCTAGAA-1,0.7433380484580994
male1_CTCCTAATCCGTTATT-1,0.6479852795600891
male1_CTCCTAATCGGCTATG-1,0.6691681742668152
male1_CTCCTGAGTTTGTTGC-1,0.6637431383132935
male1_CTCTAAGCATCATGTG-1,0.6828296184539795
male1_CTCTAGCTCGCTCACT-1,0.06623179465532303
male1_CTCTGTTCACATACTG-1,0.6566377878189087
male1_CTCTTGATCGGTCAAT-1,0.682520866394043
male1_CTGACATAGGTATTGC-1,0.6499469876289368
male1_CTGACCAAGAGGAGGA-1,0.6700255274772644
male1_CTGTACCTCCGGGACT-1,0.6487348675727844
male1_CTGTTCATCAAAGGCA-1,0.6825394630432129
male1_CTTAATGAGGCTAATC-1,0.6278700232505798
male1_CTTAGGAGTTTGGGTA-1,0.6181361079216003
male1_CTTATTGGTGTTGTAG-1,0.6584597826004028
male1_CTTGACGAGCTAATCA-1,0.631191074848175
male1_CTTGCAACACCTGTAA-1,0.6869011521339417
male1_CTTGCGCGTCCTCCAA-1,0.6675257682800293
male1_CTTGTTTAGGGACTAA-1,0.6752915382385254
male1_CTTTGGGAGAGGAGGA-1,0.6528261303901672
male1_CTTTGGGAGTCATTTC-1,0.6511616110801697
male1_CTTTGTCCACAACCTA-1,0.684729814529419
male1_GAAACTGAGGATTGAG-1,0.663181722164154
male1_GAACCAGCACCTGGTG-1,0.6886013746261597
male1_GAAGCCTGTAAGCTTG-1,0.6886929869651794
male1_GAAGGAACAAATTCGT-1,0.7019179463386536
male1_GAAGGAACAATACTGT-1,0.7310264110565186
male1_GAAGGATGTCATAGAT-1,0.659811794757843
male1_GAAGTAAGTCAATAGT-1,0.6441207528114319
male1_GAAGTATAGCACAGAA-1,0.6759166717529297
male1_GAAGTCAAGTTGCGTG-1,0.6470173001289368
male1_GACCGAACAGCTTACA-1,0.6081018447875977
male1_GACCTTTGTGCAATGC-1,0.6849823594093323
male1_GACGCAACAACCCTAA-1,0.62928307056427
male1_GACTTGGTCCTGGTGA-1,0.6517947912216187
male1_GAGAGGCGTTAAGCTG-1,0.6079692244529724
male1_GAGATAAGTTAGGATT-1,0.651857316493988
male1_GAGCGATAGGTGCGGA-1,0.641910195350647
male1_GAGGACTAGACAACAG-1,0.6566247344017029
male1_GAGGCAAGTTCACTGT-1,0.1464868187904358
male1_GAGTAATAGCTTAGTA-1,0.03867856413125992
male1_GAGTATCTCCAACTGG-1,0.6917064785957336
male1_GAGTCAAAGGCATTAC-1,0.6282894015312195
male1_GAGTGTTTCAGTATTG-1,0.6320956945419312
male1_GAGTTGCGTGGTGAGA-1,0.6265459060668945
male1_GATCAGGCATTAAGCT-1,0.6943973302841187
male1_GATGCTTAGCCTAATA-1,0.6568124294281006
male1_GATTAGCTCGATAACC-1,0.6514127254486084
male1_GATTAGCTCGTTACTT-1,0.6696827411651611
male1_GATTATGTCCCTCAAC-1,0.6336556673049927
male1_GATTATGTCTTAGGGT-1,0.6429463028907776
male1_GATTGTTCAACTGGGA-1,0.6336585879325867
male1_GCACATTAGGCTACTG-1,0.6539271473884583
male1_GCAGGCAAGGCTTAAC-1,0.6393439769744873
male1_GCAGGTTGTGTGCACG-1,0.6690322160720825
male1_GCCAGGAAGGCTGGCT-1,0.6711840629577637
male1_GCCATGATCCCGCCTA-1,0.6671841144561768
male1_GCCATGATCTTTGAGA-1,0.6567512154579163
male1_GCCTCGACAGTTTGTG-1,0.7005363702774048
male1_GCCTGACAGCTCAATA-1,0.06075310707092285
male1_GCCTGAGGTTATCCTA-1,0.6755688190460205
male1_GCCTTAGAGTTCCCAC-1,0.6996822953224182
male1_GCCTTTATCCGTCCAT-1,0.6640490293502808
male1_GCGAAGCCAATATGGA-1,0.6201058030128479
male1_GCGATATTCCTAGTTT-1,0.6468382477760315
male1_GCGCAATGTGTTTCAC-1,0.6598814129829407
male1_GCGCCTTGTCATGCCC-1,0.6685041189193726
male1_GCGCCTTGTGAGGTAG-1,0.6122533679008484
male1_GCGCTTAAGTTATGTG-1,0.6731505990028381
male1_GCGGTTATCACCTGTC-1,0.68890380859375
male1_GCGTAACGTAATCCCT-1,0.6230286359786987
male1_GCGTTTCTCTATGACA-1,0.7022116184234619
male1_GCGTTTCTCTTAAGTG-1,0.6148995161056519
male1_GCTAACAGTCCTAATC-1,0.6838071942329407
male1_GCTATAGGTCAACAAT-1,0.6459354758262634
male1_GCTCACAAGTAGCGGG-1,0.6371065378189087
male1_GCTCATTGTCATAAGT-1,0.6430033445358276
male1_GCTCATTGTGTGTCCC-1,0.7001357674598694
male1_GCTCCTTAGGCATTAC-1,0.6447389125823975
male1_GCTGCAATCCTAGTCC-1,0.6849909424781799
male1_GCTTAACAGGCTTAGT-1,0.6486902236938477
male1_GCTTGACCACCCTCAC-1,0.6689938306808472
male1_GCTTGTTGTTGAGGTC-1,0.6585697531700134
male1_GGAACCACAACTAGCC-1,0.6927722096443176
male1_GGAACCACACCATATG-1,0.649514377117157
male1_GGAAGCTAGTCACCTC-1,0.6122475862503052
male1_GGACCGAAGGGTGAAC-1,0.6900301575660706
male1_GGAGGTTAGTAATCCA-1,0.6498147249221802
male1_GGAGTGAGTACCTTAC-1,0.7091642618179321
male1_GGATATTGTCAGTAAT-1,0.6057584285736084
male1_GGATATTGTGGAGCAA-1,0.6761019825935364
male1_GGATTCAGTGTGTGGT-1,0.7040353417396545
male1_GGATTCAGTTGGATCA-1,0.5123410820960999
male1_GGCAAATCATTGCGGT-1,0.6705339550971985
male1_GGCAGGATCGCATTAA-1,0.6998295783996582
male1_GGCATGGAGAAGCTAG-1,0.6423361301422119
male1_GGCATTGTCGCAATCG-1,0.6531334519386292
male1_GGCCGTTAGGTTACGT-1,0.6892105937004089
male1_GGCTAGACAAATTCGT-1,0.6518206000328064
male1_GGCTAGTGTCCTTAGT-1,0.6453002691268921
male1_GGCTCAATCATGGTTA-1,0.6234268546104431
male1_GGCTGAGAGCGATACT-1,0.6570223569869995
male1_GGCTGGTTCACCAATA-1,0.6153327822685242
male1_GGCTGGTTCCATAAGC-1,0.6411616206169128
male1_GGCTGGTTCCCGAAGC-1,0.6655976176261902
male1_GGGCGAATCAAACCTA-1,0.6901524066925049
male1_GGGTTTGTCAGTATTG-1,0.7361559271812439
male1_GGTAACCGTAAGGTCC-1,0.6711923480033875
male1_GGTAATTGTACGCGCA-1,0.6788913607597351
male1_GGTACTTAGTAAGGGC-1,0.6399267315864563
male1_GGTCAAGCAATCATGT-1,0.6637561321258545
male1_GGTCAGGAGTTAGTTG-1,0.6533223986625671
male1_GGTCTTGAGGTCCTAG-1,0.6758928298950195
male1_GGTGAGTAGTCTTGAA-1,0.6528761386871338
male1_GGTGATTTCCTAAATG-1,0.6168013215065002
male1_GGTTACCCAAGTCGCT-1,0.6527510285377502
male1_GGTTATATCGCACAAT-1,0.6193575263023376
male1_GGTTATATCTATCGCC-1,0.6674907207489014
male1_GGTTGCTCATTAGGCC-1,0.6695426106452942
male1_GTACAATGTCCGGTTC-1,0.6501849889755249
male1_GTACACCCAACAGGTG-1,0.631413459777832
male1_GTACGTAGTACTTAGG-1,0.684215247631073
male1_GTACTTAAGGGATGAC-1,0.6481257677078247
male1_GTAGCCATCTGGCATG-1,0.7524945735931396
male1_GTAGGAGGTTACAACG-1,0.708639919757843
male1_GTAGGATCACGCAACT-1,0.7002787590026855
male1_GTAGGCGAGGTAAGGC-1,0.618604302406311
male1_GTATCGCCAGGCTAGA-1,0.7023720145225525
male1_GTCAAACTCGCTATGG-1,0.6045745015144348
male1_GTCATGAGTAGCTGCG-1,0.6135229468345642
male1_GTCGAAGCAGTGAACG-1,0.704310953617096
male1_GTCGAAGCATCCTAGA-1,0.6270078420639038
male1_GTCGCAATCTGGCAAT-1,0.6637639403343201
male1_GTCTATGCAACGTGCT-1,0.6126192212104797
male1_GTCTCACTCTAGCTAA-1,0.6298048496246338
male1_GTGCATTAGCGATAAG-1,0.6744057536125183
male1_GTGCCTTTCTATTGTC-1,0.6596075296401978
male1_GTGCTCCGTGGGTGAA-1,0.6727006435394287
male1_GTGCTGATCAAACTCA-1,0.6330289840698242
male1_GTGTTCCTCGCTAAAC-1,0.6095061898231506
male1_GTTAACCAGGCAATAG-1,0.2174580991268158
male1_GTTACTCGTCAACAAT-1,0.6412218809127808
male1_GTTACTCGTCCGGTTC-1,0.6436454653739929
male1_GTTAGGCGTGGATTGC-1,0.6491735577583313
male1_GTTCACCTCCCTCAAC-1,0.6321366429328918
male1_GTTCACCTCTGTGCAG-1,0.6687411665916443
male1_GTTCCCAGTTTAGCGA-1,0.6145176291465759
male1_GTTGCCCGTAAGCTCA-1,0.6656407713890076
male1_GTTGCCCGTGTTAGCA-1,0.6593355536460876
male1_GTTTAGCAGTAAGTGG-1,0.6340574622154236
male1_GTTTATCTCGTTTCGC-1,0.656256914138794
male1_GTTTCTAGTGCATTTC-1,0.716591477394104
male1_GTTTGTTTCAATCTCT-1,0.6483606696128845
male1_TAAGCCTAGAGCAAGC-1,0.7216517925262451
male1_TAATCACCAGCACCAT-1,0.6593537330627441
male1_TAATCCGCAAGCCACT-1,0.6471527218818665
male1_TACAATGTCGCACAAT-1,0.6125870943069458
male1_TACAATGTCTTGACCC-1,0.6757047772407532
male1_TACCTGCTCATGTTTC-1,0.06877618283033371
male1_TACCTTTAGCTAATTG-1,0.6348040699958801
male1_TACGGTTAGGTAGCTT-1,0.6310282945632935
male1_TACGTACAGTCCTTCA-1,0.6703602075576782
male1_TACTCAAAGGAGTCTT-1,0.7684881091117859
male1_TACTGACAGGCGTAAA-1,0.6417233347892761
male1_TACTGAGGTTTGTGGA-1,0.6843811869621277
male1_TACTGCACATCGTTCT-1,0.6672943830490112
male1_TACTTGTTCTTCAATC-1,0.6034654378890991
male1_TAGCGGCTCTCGCCCA-1,0.6693694591522217
male1_TAGCTAGGTGATGGCT-1,0.6838012933731079
male1_TAGGAGGGTGGATTGC-1,0.6518880128860474
male1_TAGGTTATCCACCCTG-1,0.6312953233718872
male1_TATAACCCATCGCTCC-1,0.6417190432548523
male1_TATATCCTCTAGCGAT-1,0.6919775009155273
male1_TATGCATCACGCAACT-1,0.6601631045341492
male1_TATTACCTCCTTAATC-1,0.6178889870643616
male1_TATTAGGTCCCGTTTA-1,0.658028244972229
male1_TCAACAATCCTCAGCT-1,0.6089566349983215
male1_TCAAGACTCGCTATGG-1,0.6331750750541687
male1_TCAAGCTAGTCACCTC-1,0.6226797699928284
male1_TCAAGGAAGTAGGCGG-1,0.616514265537262
male1_TCAAGGTTCGTACCGA-1,0.7068576216697693
male1_TCAAGGTTCTAATTGG-1,0.6718268990516663
male1_TCAGCGATCCAATTAG-1,0.7036927342414856
male1_TCAGGTCCAACACTTG-1,0.6976873278617859
male1_TCAGGTCCAGTTATGT-1,0.6556771993637085
male1_TCAGTAGGTAACTACG-1,0.6393839716911316
male1_TCATAACCAGCTTAGC-1,0.02799231931567192
male1_TCATTGCGTGGGTACT-1,0.6176041960716248
male1_TCCCTCACATTCAGCA-1,0.7270806431770325
male1_TCCGGTTTCTTGTCTG-1,0.639570415019989
male1_TCCTGGTTCGCAATCG-1,0.650998055934906
male1_TCCTGTTCATCATGTG-1,0.6867644786834717
male1_TCGATTAAGTTACCGG-1,0.6737049221992493
male1_TCGGTTCTCGCAAACT-1,0.6364320516586304
male1_TCGTAATCAGCTAATT-1,0.6960389614105225
male1_TCGTGCTTCTAGCTAA-1,0.6910825967788696
male1_TCGTTATTCTGTTGCC-1,0.6927840113639832
male1_TCGTTATTCTTGCAGG-1,0.6962463855743408
male1_TCTAACTTCAAAGGCA-1,0.624813973903656
male1_TCTAGCGAGGCCCAGT-1,0.6263526082038879
male1_TCTCAAGCAAAGGTAC-1,0.6105165481567383
male1_TCTCCTCGTAAGCACC-1,0.667327344417572
male1_TCTTGACGTCAACAAT-1,0.7527318000793457
male1_TCTTGACGTCCCGGAA-1,0.6430737376213074
male1_TCTTTGTAGTAGGATG-1,0.6477327942848206
male1_TCTTTGTAGTTTGCGG-1,0.6160561442375183
male1_TGAAACTGTACGGTAC-1,0.6409450769424438
male1_TGACCTTGTTTGAGGC-1,0.670549750328064
male1_TGACTCCTCAAGACTC-1,0.6870609521865845
male1_TGAGGAGGTTGAAGCC-1,0.6699389219284058
male1_TGAGTGAAGTCACTAA-1,0.6411948204040527
male1_TGAGTTTCAAGGTACG-1,0.6513838171958923
male1_TGATCAATCACTAAGC-1,0.6358282566070557
male1_TGATCCTGTCGAAGTC-1,0.6810116171836853
male1_TGATGACTCTCACACC-1,0.667711615562439
male1_TGATGATGTGCTAGAC-1,0.7639151811599731
male1_TGCAATATCCTAATAG-1,0.7318955063819885
male1_TGCACACCACTTAACG-1,0.749889075756073
male1_TGCGATTAGCGAGCGA-1,0.6355533003807068
male1_TGCGATTAGTTTCCGC-1,0.6474045515060425
male1_TGCGCAGGTTACTTCA-1,0.6413847804069519
male1_TGCTAGCCACAGACTC-1,0.7050847411155701
male1_TGCTCCGTCCCATAAA-1,0.6558781266212463
male1_TGCTCCGTCGAAGTGA-1,0.6114897131919861
male1_TGCTTCCAGTAGAGGC-1,0.6624624133110046
male1_TGCTTCCAGTTCCTGC-1,0.6749420166015625
male1_TGCTTGTGTCATAACG-1,0.6504071950912476
male1_TGGCCTTTCCGCCTAT-1,0.6854169368743896
male1_TGGCCTTTCGATATTG-1,0.7120630145072937
male1_TGGCTAAGTGCTGTAA-1,0.6756801009178162
male1_TGGCTAAGTTGTCATC-1,0.678907573223114
male1_TGGCTTTGTGGACCTG-1,0.7533160448074341
male1_TGGTCAGTCATCCTGC-1,0.679067075252533
male1_TGGTCAGTCCTGGCTT-1,0.7149053812026978
male1_TGGTCATAGCTGCACA-1,0.6616110801696777
male1_TGGTCCTTCTGGCATG-1,0.6898629069328308
male1_TGGTGATTCATGCCTC-1,0.6788346171379089
male1_TGGTGATTCGCAATCG-1,0.6595538854598999
male1_TGGTGATTCTAACCAA-1,0.6742329597473145
male1_TGGTGCATCTCTAGCC-1,0.6780110001564026
male1_TGGTTCTGTAGTTGGC-1,0.6075705289840698
male1_TGGTTGAGTAATCCCT-1,0.6612810492515564
male1_TGGTTGAGTCATAACG-1,0.6830864548683167
male1_TGTAAGTGTTACGCGG-1,0.6837425231933594
male1_TGTCAATCAAACAACA-1,0.7535555958747864
male1_TGTGAAACACAACAGG-1,0.6299134492874146
male1_TGTGATCAGTCCTTTG-1,0.6193014979362488
male1_TGTGCGGGTGCAACTA-1,0.6927710175514221
male1_TGTGGCTCAGGTTATT-1,0.6796051263809204
male1_TGTTACTTCAATGACC-1,0.709136962890625
male1_TGTTATGAGTGAGCGG-1,0.6163915395736694
male1_TGTTCATTCTTAAGTG-1,0.6884809732437134
male1_TGTTGCACACTGACTA-1,0.6324484348297119
male1_TGTTGTGCACTAGCGT-1,0.6167698502540588
male1_TTAAAGGCAAGTGTCC-1,0.6305969953536987
male1_TTAACCAAGCCTAATA-1,0.6646121144294739
male1_TTACCTGTCGTTTCTG-1,0.6469875574111938
male1_TTAGCTGCAGAGAGCC-1,0.6526452302932739
male1_TTAGCTGCATATAACC-1,0.05502825230360031
male1_TTATTGCTCATTAGCA-1,0.6252300143241882
male1_TTCAGCACAGGCCTTG-1,0.6393369436264038
male1_TTCAGTTTCGCAACAT-1,0.6718350052833557
male1_TTCATCCCACCTGTAA-1,0.6527565121650696
male1_TTCCACGGTCACTCGC-1,0.5973790884017944
male1_TTCGCAACAAACTGTT-1,0.6072883605957031
male1_TTCGGTACAACACCTA-1,0.6966342926025391
male1_TTCGTGCTCTGTAAGC-1,0.6644311547279358
male1_TTGACATCATAGACCC-1,0.6644934415817261
male1_TTGCCCGTCATAACGC-1,0.6731405854225159
male1_TTGCGAGTCCAAATCA-1,0.6593274474143982
male1_TTGCTTAGTCATTACC-1,0.6784783601760864
male1_TTGCTTTAGGATCCGC-1,0.6571445465087891
male1_TTGGAGGCAAGTGTTT-1,0.6796585917472839
male1_TTGGCGGGTGCTAGCG-1,0.0979028269648552
male1_TTGGCTGAGGCAATAG-1,0.6753234267234802
male1_TTGGCTGAGTCAGGCC-1,0.6655201315879822
male1_TTGGCTGAGTTTCCGC-1,0.6373479962348938
male1_TTGGGCCAGCCTGAGC-1,0.6726127862930298
male1_TTGGGCCAGTCACCTC-1,0.6581878066062927
male1_TTGGGCGGTGTCACGG-1,0.6508319973945618
male1_TTGGGTTAGCGAGGTG-1,0.6300336718559265
male1_TTGGTGAGTTAGAGGG-1,0.6089567542076111
male1_TTGTCAAAGTGAGGTA-1,0.6101714968681335
male1_TTGTCCATCGGTTTGG-1,0.6308485269546509
male1_TTGTGAGGTAAGGTTT-1,0.649237871170044
male1_TTGTTTGGTAAACAAG-1,0.621415913105011
male1_TTTCACCCAGCAATAA-1,0.6449834108352661
male1_TTTCCACCAAGGTAAC-1,0.7581989169120789
male1_TTTCCACCAGCCAGTT-1,0.7330588698387146
male1_TTTCCGGGTAATTAGC-1,0.6362535953521729
male1_TTTGGTAAGGACCTTG-1,0.6617422103881836
male1_TTTGGTAAGGCATGAA-1,0.6563053727149963
male1_TTTGGTAAGGGTTAGA-1,0.6042908430099487
male1_TTTGTCCCAACTGGCT-1,0.6996777057647705
male1_TTTGTCCCAAGATTCT-1,0.6425135731697083
male1_TTTGTGAAGCACTAAC-1,0.6492038369178772
male1_TTTGTGGCAAACGCGA-1,0.662402331829071
female2_AAACCGCGTTGACTTC-1,0.6750776171684265
female2_AAAGCACCAGTAGGAT-1,0.6784519553184509
female2_AAAGCCCGTTACTTCA-1,0.8001055717468262
female2_AACAAGCCATTGTGAT-1,0.7143588066101074
female2_AACAGGATCCTGATGG-1,0.08669904619455338
female2_AACGACAAGGCTAGAA-1,0.9319418668746948
female2_AACGACAAGGTACCGC-1,0.6556573510169983
female2_AAGAACAGTCATTACC-1,0.9835768938064575
female2_AAGCATGAGTTGGGCC-1,0.819280743598938
female2_AAGCGAGGTCACACCC-1,0.8957380056381226
female2_AAGCGCTGTTGCTTCG-1,0.7318896651268005
female2_AAGGCCCTCGTTAAGC-1,0.7004437446594238
female2_AAGTCTATCCTGCGAA-1,0.7165907025337219
female2_AAGTGAAGTATTTGCC-1,0.033615950495004654
female2_AAGTGCAAGCCTCTCG-1,0.6504450440406799
female2_AAGTGTTGTAAGCACC-1,0.02126123197376728
female2_AATACCGGTTTGGCTT-1,0.8308080434799194
female2_AATCCGTAGCCGCAGT-1,0.7342420816421509
female2_AATCTTGAGCGAAGTA-1,0.9147605895996094
female2_AATTGACGTTGCACAA-1,0.6505957245826721
female2_AATTGCTCAGCCTGCA-1,0.6726945638656616
female2_AATTTGGTCTGTGCAG-1,0.7185870409011841
female2_ACACTAGGTTATGTGG-1,0.7380134463310242
female2_ACACTAGGTTGTTGTC-1,0.6183705925941467
female2_ACACTAGGTTTGTCTA-1,0.15576638281345367
female2_ACAGCCGGTTAGGATT-1,0.7956016659736633
female2_ACATTAGTCATCACTT-1,0.0772281140089035
female2_ACCACACCAGGCCAAA-1,0.6672947406768799
female2_ACCAGGACACAAAGCG-1,0.938714861869812
female2_ACCAGGGAGGTTAGAG-1,0.8522264361381531
female2_ACCCGCTGTACGGTAC-1,0.7241498827934265
female2_ACCTTGCTCAGGTTTA-1,0.8065351247787476
female2_ACCTTGCTCGGTAACT-1,0.7384048700332642
female2_ACGACAAAGCCAAATC-1,0.8935021758079529
female2_ACGACAAAGGACCGCT-1,0.6563814282417297
female2_ACGAGTAAGCGTGCGT-1,0.7040383815765381
female2_ACGCCACAGATAGACG-1,0.48239877820014954
female2_ACGCCTAAGGCAAGTA-1,0.8583624958992004
female2_ACGCTTGAGGTTAGCT-1,0.7542849779129028
female2_ACGTACCCAAACTGTT-1,0.6763612627983093
female2_ACTAACCAGACAACAG-1,0.8400583863258362
female2_ACTAACTCAATAACCT-1,0.9131911993026733
female2_ACTTACAAGGGTGAGT-1,0.8750995397567749
female2_AGAAACTAGTAATCCA-1,0.8028609156608582
female2_AGACAATAGGCTTAGT-1,0.8101679086685181
female2_AGAGGATGTTACAAAC-1,0.6954797506332397
female2_AGAGGATGTTGTTGCT-1,0.6874032020568848
female2_AGATGAAGTCGACTCC-1,0.7440828084945679
female2_AGCAAGGGTCATAGAT-1,0.6629722714424133
female2_AGCAATTGTCAGGAAG-1,0.6433705687522888
female2_AGCACTAGTTTGCTGT-1,0.866976261138916
female2_AGCACTTAGGCAAGTA-1,0.756992757320404
female2_AGCAGGTAGGTGAGAC-1,0.6987712383270264
female2_AGCATTTCATCCCGCT-1,0.8173151612281799
female2_AGCCAGTGTGAGAAAC-1,0.6821263432502747
female2_AGCCTAAGTTGAAGCC-1,0.854621171951294
female2_AGCTACTAGGTAACGA-1,0.8330081105232239
female2_AGCTATATCCCGCAAA-1,0.6504946351051331
female2_AGCTGCTCAGTAAGTA-1,0.8904582858085632
female2_AGCTTGGTCTGTGAGT-1,0.8742798566818237
female2_AGGACTAAGCATGCAT-1,0.9731591939926147
female2_AGGACTAAGGTGCGGA-1,0.0463847778737545
female2_AGGATATAGGTTACAC-1,0.6626967191696167
female2_AGGCGGATCGCATCCT-1,0.6346731185913086
female2_AGGTCTTAGGCTGGCT-1,0.689329206943512
female2_AGGTTAGAGCAGCTAT-1,0.7212930917739868
female2_AGGTTAGAGTCATTTC-1,0.9174943566322327
female2_AGTCCTTGTGTGTGGT-1,0.6760289072990417
female2_AGTGATGAGGCCTTAG-1,0.8236834406852722
female2_AGTGCCGGTCTAACCT-1,0.05050596594810486
female2_AGTTACTCAGTTTACG-1,0.9219985604286194
female2_AGTTGTCAGCAACATC-1,0.764642596244812
female2_AGTTGTCAGGCGGATG-1,0.7626791596412659
female2_ATAAGCCTCTTGCAGG-1,0.738643229007721
female2_ATAAGCCTCTTTGACT-1,0.6620611548423767
female2_ATAAGTCGTAGGTTTG-1,0.7168054580688477
female2_ATAGGTACAAGTCGCT-1,0.6986830830574036
female2_ATCACCCTCCCGAACA-1,0.6689579486846924
female2_ATCCCGCGTGCAATGC-1,0.6339115500450134
female2_ATCGCCCGTTAACGGC-1,0.08075743913650513
female2_ATGAAGTAGAGCCGCT-1,0.7633233070373535
female2_ATGACTCAGGTGTCCA-1,0.6801857948303223
female2_ATGCTTAAGATGCCTG-1,0.6665819883346558
female2_ATTGACTCAAACTGTT-1,0.9178951978683472
female2_ATTGCTCGTGCAATAT-1,0.7221291661262512
female2_ATTGCTCGTTCCGGCT-1,0.6729459166526794
female2_CAAACAACATCTTGAG-1,0.8391955494880676
female2_CAAACTGGTCCTTAGT-1,0.6577428579330444
female2_CAAAGTGAGATGGAGC-1,0.9282149076461792
female2_CAAAGTGAGTGAGCGG-1,0.7910534739494324
female2_CAACAGGCACAATTAC-1,0.9512653350830078
female2_CAACAGGCAGCCGCTA-1,0.7030860185623169
female2_CAACTAATCAGCACGC-1,0.7392287850379944
female2_CAAGAACCACTTGTTC-1,0.6617528200149536
female2_CAAGAACCAGGCCATT-1,0.889567494392395
female2_CAAGAACCAGTAGGTG-1,0.6416815519332886
female2_CAAGGTTTCGTTTCCA-1,0.6896258592605591
female2_CAAGTTATCCTGTTCA-1,0.7335191965103149
female2_CAATAAGCAATTTAGC-1,0.6721410155296326
female2_CAATAGCTCACACAGT-1,0.7403713464736938
female2_CAATAGCTCGAAGCGG-1,0.7496678829193115
female2_CAATCGCCACTTAACG-1,0.06044109910726547
female2_CAATGCCCATGAGCAG-1,0.7379984259605408
female2_CACCAACCAAGTAAGC-1,0.6696939468383789
female2_CACCGGTAGCACGTTG-1,0.7536786794662476
female2_CAGCAAGCAGGCATGA-1,0.8149247765541077
female2_CAGCATGTCAGTGAAG-1,0.6897280812263489
female2_CAGCCAATCTACCTGC-1,0.6939664483070374
female2_CAGGACACACCGGTAT-1,0.7149749994277954
female2_CAGGATGCACCATATG-1,0.8437373638153076
female2_CAGGGCTTCGTTAGCG-1,0.667858362197876
female2_CAGGTGGAGTTACCGG-1,0.6727468967437744
female2_CAGGTTTAGATGGAGC-1,0.6961662173271179
female2_CATCATGCATCCTGAA-1,0.6615195274353027
female2_CATGAGGCAATAACCT-1,0.722366988658905
female2_CATGCGCAGCTCGCTT-1,0.9040142297744751
female2_CATGCGCAGTTAGCTA-1,0.7517501711845398
female2_CATTATGAGAACCTAC-1,0.7108666300773621
female2_CATTGCGAGACCATAC-1,0.6946848034858704
female2_CATTGTAAGATAGACG-1,0.821033775806427
female2_CATTGTGCAATCATGT-1,0.8054208755493164
female2_CCACATTGTTGTAAAC-1,0.750970184803009
female2_CCCAAACCAGTGAACG-1,0.7540513873100281
female2_CCCAGTTTCTTGCATT-1,0.6985363960266113
female2_CCCTCATAGGAGCAAC-1,0.8528085350990295
female2_CCGCACACAACCCTAA-1,0.7408825755119324
female2_CCGCCAACATTGTGAT-1,0.6929553747177124
female2_CCGTGCTGTATTACCC-1,0.841870129108429
female2_CCTAAGCCAGGAAGCC-1,0.666679859161377
female2_CCTAAGTAGGTTACAC-1,0.7204581499099731
female2_CCTACTGGTAAGCTTG-1,0.9501791596412659
female2_CCTACTTCATATAACC-1,0.6618720293045044
female2_CCTGACTTCCAATTAG-1,0.6983635425567627
female2_CCTGACTTCTGTTGCC-1,0.6409376263618469
female2_CCTGATGAGGTCCGTA-1,0.7162715196609497
female2_CCTGATGAGTAAGTGG-1,0.7009773850440979
female2_CCTTACTCAGTTGCGT-1,0.14319829642772675
female2_CGAAGTAAGTGAACAG-1,0.6603911519050598
female2_CGAATCTAGCCGGTAC-1,0.8394900560379028
female2_CGACAAGCATCGTTCT-1,0.7505936622619629
female2_CGAGTCGGTGATCATG-1,0.05945320799946785
female2_CGCTAACCAGAGGGAG-1,0.656653881072998
female2_CGCTCAGCATTCCTCG-1,0.9141241908073425
female2_CGCTGTGCACTTACAG-1,0.686998724937439
female2_CGGAATCGTCATTACC-1,0.7291418313980103
female2_CGGACAACAGCACCAT-1,0.7188959121704102
female2_CGGGTATGTAAGGTCC-1,0.6638096570968628
female2_CGGGTCTAGATGCCTG-1,1.0
female2_CGGTAACGTCTAACCT-1,0.8510056138038635
female2_CGGTGAGAGCTAATTG-1,0.6274392604827881
female2_CGGTGAGAGTTGTCTT-1,0.9359022378921509
female2_CGGTTATAGCGAGGTG-1,0.6908352375030518
female2_CGGTTTCTCTTTGTAC-1,0.6487239599227905
female2_CGTAACTAGCAAGGTA-1,0.7050906419754028
female2_CGTCATTGTGGGAACA-1,0.6410114169120789
female2_CGTGAGGAGGGATTAG-1,0.6883385181427002
female2_CGTGAGGAGTCACCAG-1,0.7127580046653748
female2_CGTGCACAGGCTACTG-1,0.6676415205001831
female2_CGTGCTGCAAGCTTTG-1,0.7277830839157104
female2_CGTTAAATCGTCATTT-1,0.7239415645599365
female2_CGTTAGTAGGCTACTG-1,0.6818933486938477
female2_CTAAAGCTCGTTAGCG-1,0.675484299659729
female2_CTAATCGCAATAGCCC-1,0.8581310510635376
female2_CTACGAAGTTTAACGG-1,0.6861340403556824
female2_CTACTAAAGCCACAAT-1,0.8470123410224915
female2_CTAGGCGGTAGCTGCG-1,0.6524990200996399
female2_CTAGTAATCATGAAGG-1,0.7296721339225769
female2_CTAGTGAGTAGCTGGT-1,0.0479460135102272
female2_CTAGTGAGTGTTTGCT-1,0.9314724802970886
female2_CTATAACCAACTGGCT-1,0.6782524585723877
female2_CTATGTTTCTTGAGGT-1,0.7167243957519531
female2_CTCCTCACAGCTCAAC-1,0.7120155692100525
female2_CTCTAGCTCAATCATG-1,0.9365956783294678
female2_CTCTAGCTCTGTTGCC-1,0.6894465684890747
female2_CTCTATGTCATTACTC-1,0.8677874207496643
female2_CTCTCACAGGAGGACT-1,0.6871072053909302
female2_CTGCTCCCACAAAGAC-1,0.6914980411529541
female2_CTGCTCCCATGTTGGC-1,0.7486401200294495
female2_CTGTTAAAGCCACAAT-1,0.7368390560150146
female2_CTTAACAAGCCGCAGT-1,0.7084366679191589
female2_CTTACCTCACGTAATT-1,0.8827170729637146
female2_CTTCAATTCCCGTTGT-1,0.8363534808158875
female2_CTTCTAAGTCAATAGT-1,0.5797218680381775
female2_CTTGCAACATAGACCC-1,0.7556103467941284
female2_CTTGTCCAGTCCTTCA-1,0.7213318943977356
female2_CTTTCTTGTGCGCATG-1,0.6637876033782959
female2_CTTTGGTGTAGCTGGT-1,0.6733710169792175
female2_GAAACCCGTTGTTGTC-1,0.664470911026001
female2_GAAAGCCAGTTTGAGC-1,0.8270331025123596
female2_GAAGTAAGTGTTGCTT-1,0.733134925365448
female2_GACAATACAATCCTGA-1,0.8424128890037537
female2_GACGCCTAGTAGCCAT-1,0.6887301802635193
female2_GACTTGGTCCTACCTA-1,0.7734202146530151
female2_GAGCTTAGTGAACAAA-1,0.6914560794830322
female2_GAGGACTAGAGAGGCT-1,0.8913406729698181
female2_GAGGCTACACAGAACG-1,0.75863116979599
female2_GAGGCTTGTAGCCATA-1,0.6924471259117126
female2_GAGTATCTCGAGGTGG-1,0.7117190957069397
female2_GAGTCAAAGGAGTCTT-1,0.712863028049469
female2_GAGTGAGGTTCCATTA-1,0.7219296097755432
female2_GATCACTAGTGAACAG-1,0.057267941534519196
female2_GATCAGTTCTAACCTT-1,0.6764248609542847
female2_GATCCGTCAACTGGCT-1,0.8582125902175903
female2_GATCCGTCACCTAAGC-1,0.6792539954185486
female2_GATCGCTCATAATCGT-1,0.727336049079895
female2_GATGCTTAGCTAAAGG-1,0.7875399589538574
female2_GATTAAGCAGCAAATA-1,0.9463438391685486
female2_GATTCATCAACAGCCT-1,0.6466881632804871
female2_GATTCCTGTCCTTCAG-1,0.6805680990219116
female2_GATTGCGTCAGCAAAG-1,0.6842930912971497
female2_GCAGGCTTCCGCTAGA-1,0.7199028134346008
female2_GCAGGTGAGGAACCAA-1,0.9349620938301086
female2_GCAGGTGAGGCATTGT-1,0.8199144601821899
female2_GCATATATCACGTTAA-1,0.6617283821105957
female2_GCATCCTTCCTGGTCT-1,0.8043111562728882
female2_GCATTAGGTTATCCTA-1,0.7396443486213684
female2_GCCATGATCAGGAACA-1,0.6736272573471069
female2_GCCCATAAGCAGCTAT-1,0.897716224193573
female2_GCCTCAAAGCTAAGTC-1,0.8676789402961731
female2_GCCTCAAAGGCGTAAA-1,0.2538742125034332
female2_GCCTTACTCACCAATA-1,0.8720194101333618
female2_GCCTTACTCCCGCCTA-1,0.7057106494903564
female2_GCGAGTGAGACAACGA-1,0.6561459898948669
female2_GCGCAAACAATTAGCT-1,0.709617555141449
female2_GCGCGATTCCCGAACA-1,0.6966253519058228
female2_GCGGTTATCTTGTTCG-1,0.06874749809503555
female2_GCGGTTGGTAAAGCGG-1,0.7120733261108398
female2_GCGTTTCTCATTGACA-1,0.7498794198036194
female2_GCTAACCCACGAACAG-1,0.7011061906814575
female2_GCTAAGTTCGGCCATA-1,0.7282785177230835
female2_GCTTTCATCTTGTTCG-1,0.9423127770423889
female2_GGAACAATCACAGCCA-1,0.8460313677787781
female2_GGAAGTATCGCATTAA-1,0.7483399510383606
female2_GGACAGCCAAGCTTAT-1,0.8410441875457764
female2_GGACCGAAGGATCCGC-1,0.8997862339019775
female2_GGACTAAAGCACAGAA-1,0.7017411589622498
female2_GGAGCGATCACGAATC-1,0.6168332695960999
female2_GGATGGCCAAACTGTT-1,0.6405507922172546
female2_GGCAAATCATTCAGCA-1,0.6527281999588013
female2_GGCCGTTAGCACTAGT-1,0.9143674969673157
female2_GGCCTTAAGTGAGGGT-1,0.8385053873062134
female2_GGCGTTATCAGCAAGA-1,0.7136307954788208
female2_GGCTAGACAAGGTGCA-1,0.6482018232345581
female2_GGCTGTCAGCGATAGA-1,0.9517750144004822
female2_GGGCAATAGCAAGGAC-1,0.6679976582527161
female2_GGGTGAAGTTAGGATT-1,0.7248064875602722
female2_GGGTTACGTAAACAAG-1,0.7129368185997009
female2_GGTAAACCACCAACCG-1,0.6604551672935486
female2_GGTAACCGTTTATCGC-1,0.8669155240058899
female2_GGTATGTTCGTGCCTT-1,0.9380700588226318
female2_GGTGAGTAGTGAGGTA-1,0.6677114963531494
female2_GGTTATGGTAACGAGG-1,0.8647184371948242
female2_GGTTCTTGTAATCGCA-1,0.6815427541732788
female2_GGTTGACGTTTGGCGG-1,0.6839175224304199
female2_GGTTGCATCTTGTCCA-1,0.7269842624664307
female2_GTACCTTGTAGCTGGT-1,0.7712752819061279
female2_GTACTAATCGCCTAAG-1,0.6500036120414734
female2_GTACTAATCGTTTCTG-1,0.6356163024902344
female2_GTACTAGGTAGCTGCG-1,0.782914400100708
female2_GTAGGATCAGAAATTG-1,0.7131255269050598
female2_GTAGGATCAGTTTGGC-1,0.884684145450592
female2_GTAGGTGCACTGGCTG-1,0.7992559671401978
female2_GTATTGCAGCTTTGTT-1,0.7296785116195679
female2_GTCAATATCCGCTAGA-1,0.6691561341285706
female2_GTCATCACACTTCACT-1,0.08349012583494186
female2_GTCCTAGAGAGGGACT-1,0.6596004962921143
female2_GTCGAGGAGGGCTTAT-1,0.47716858983039856
female2_GTCTAGCCAATTATGC-1,0.09222214668989182
female2_GTCTAGCCACTGGCTG-1,0.8086594939231873
female2_GTGAACAAGCCTGTTC-1,0.607765257358551
female2_GTGAGCGAGGGATGCG-1,0.8655093312263489
female2_GTGAGGAGTCATAGAT-1,0.8065680861473083
female2_GTGAGGAGTCATTAGG-1,0.6754195690155029
female2_GTGCAAGCACTTCATC-1,0.7096093893051147
female2_GTGCAAGCAGCTCATA-1,0.7728469967842102
female2_GTGCAAGCATACCCGG-1,0.7085058093070984
female2_GTGCGCAGTAGTTGGC-1,0.7427487373352051
female2_GTGCTGGGTCCACAAA-1,0.6613982319831848
female2_GTTAACCAGATAGACG-1,0.7479059100151062
female2_GTTAAGCTCGCAATCG-1,0.7444738745689392
female2_GTTAAGCTCTGGCATG-1,0.8200035095214844
female2_GTTAAGTGTTCGCGCT-1,0.7492028474807739
female2_GTTACGTAGGCTAATC-1,0.752743661403656
female2_GTTCTCATCGTTAGCG-1,0.7211052179336548
female2_GTTCTTGTCAAAGGCA-1,0.6323919892311096
female2_GTTGCTGAGTAGCTTA-1,0.6669164299964905
female2_GTTGGCCAGCCTGAGC-1,0.6813449263572693
female2_GTTGTTGCAGAAATGC-1,0.8187114000320435
female2_GTTTAGCAGCTAATCA-1,0.6856834888458252
female2_GTTTGTAAGGGTGAAC-1,0.865525484085083
female2_TACCTGCTCCCTGGTT-1,0.663824200630188
female2_TACTAAGTCCCGCCTA-1,0.6556358337402344
female2_TACTGGCCACAGCCAT-1,0.7202951908111572
female2_TAGACCAGTGGATTCA-1,0.6959455013275146
female2_TAGCATATCATCCACC-1,0.8173035383224487
female2_TAGCGGACACAGAACG-1,0.6538493037223816
female2_TAGGAGGGTGTCCAGG-1,0.6854302287101746
female2_TAGGTTATCCTGGTGA-1,0.7980610132217407
female2_TAGTAACGTAGTTAAC-1,0.7854894995689392
female2_TAGTCAATCTTTGAGA-1,0.9499454498291016
female2_TATCGAGGTAGCTGCG-1,0.9062639474868774
female2_TATGTGATCGCTAGCA-1,0.7246090173721313
female2_TATTTGGAGAATCGCT-1,0.6969906091690063
female2_TCAAGAACAAGGTGCA-1,0.7845048308372498
female2_TCAAGAACACATAGCC-1,0.6773069500923157
female2_TCACATAAGGTCTTGG-1,0.6787379384040833
female2_TCATACTTCTGCAAAC-1,0.7506880760192871
female2_TCATGAGGTTAGTGAT-1,0.8101748824119568
female2_TCATGCCTCCCTCACG-1,0.06743510067462921
female2_TCCATAAAGCACTTGG-1,0.6579344868659973
female2_TCCATAAAGTGAGCAA-1,0.7488732933998108
female2_TCCATCATCAGAAACG-1,0.6687203645706177
female2_TCCATCATCTGTTGCC-1,0.6593038439750671
female2_TCCATTGTCATAAGCC-1,0.8164711594581604
female2_TCCATTGTCATGCCTC-1,0.7524351477622986
female2_TCCTCTAAGGAACACA-1,0.7737601399421692
female2_TCCTTGCAGGCAGGTG-1,0.757280170917511
female2_TCGATTAAGAGCCGGA-1,0.6466107368469238
female2_TCGTTAAAGAATCGCT-1,0.7277236580848694
female2_TCGTTACGTCCTTTAA-1,0.8364924192428589
female2_TCTAACCGTAGCCTCC-1,0.8711193799972534
female2_TCTACCTCAGGTTACC-1,0.7110662460327148
female2_TCTAGCGAGTGTTGCG-1,0.6457770466804504
female2_TGAGCCGGTACGGGTT-1,0.658626914024353
female2_TGAGTTTCAAATACCT-1,0.7406743168830872
female2_TGAGTTTCATTGCGTA-1,0.6513745188713074
female2_TGATCAATCGATCAGT-1,0.6973950266838074
female2_TGATCAATCTTACTCG-1,0.756289005279541
female2_TGATTAGTCTAACCTT-1,0.8593036532402039
female2_TGCATCCTCATCAGTA-1,0.7012986540794373
female2_TGCGCAGGTAATCACG-1,0.6908183097839355
female2_TGCTCAACAGGCATGA-1,0.6590381264686584
female2_TGCTCCGTCAATACGC-1,0.8408029079437256
female2_TGCTCCGTCTACCTCA-1,0.8262523412704468
female2_TGCTTCCAGGCTAATC-1,0.8616753220558167
female2_TGGACTAGTCAATAGT-1,0.6619323492050171
female2_TGGCCAATCTGTTGCC-1,0.794562041759491
female2_TGGCCATCACAGCCTG-1,0.908226728439331
female2_TGGCCTTTCTTGGATA-1,0.8543040156364441
female2_TGGTCAGTCCCATAAA-1,0.7190750241279602
female2_TGGTCAGTCCTAGTCC-1,0.8359473347663879
female2_TGGTCCTTCTCACTCA-1,0.7244204878807068
female2_TGGTGATTCGCACACA-1,0.6419637799263
female2_TGGTGATTCGTGCTTC-1,0.6861878037452698
female2_TGTAATGTCTTGAGGT-1,0.8580682873725891
female2_TGTATCGCAATTTGGT-1,0.6977856755256653
female2_TGTGCACCAGGTTATT-1,0.825969934463501
female2_TGTGCGGGTCAATACG-1,0.8035297989845276
female2_TGTGTGAGTGTTGTGA-1,0.8532598614692688
female2_TTAACTGAGTCAATTG-1,0.733776867389679
female2_TTACCTGTCCTCCTAA-1,0.830313503742218
female2_TTACCTGTCTATCGCC-1,0.7283214330673218
female2_TTAGCGGTCCAGGAAA-1,0.7965346574783325
female2_TTAGCTGCAATGCCCG-1,0.7972102761268616
female2_TTAGGAACAGCTAATT-1,0.657477855682373
female2_TTATGACCACAAAGAC-1,0.8095493316650391
female2_TTCCTTCTCATTGCAA-1,0.7086081504821777
female2_TTCCTTGAGGCTCATG-1,0.7185924053192139
female2_TTCGTGCTCTGTTGCC-1,0.2698661983013153
female2_TTGAGCTAGGAAGCTA-1,0.6886656880378723
female2_TTGCAGCCAAGGAATC-1,0.877252995967865
female2_TTGCTCTCAAGGTGCA-1,0.7226940989494324
female2_TTGGATATCACTTTAC-1,0.6991852521896362
female2_TTGGATTCATGCATAT-1,0.7433626651763916
female2_TTGGGCCAGGAGGACT-1,0.7799468636512756
female2_TTGGGTTAGAGAGCCG-1,0.8931959271430969
female2_TTGTCAAAGGATGATG-1,0.7061464190483093
female2_TTGTTGCGTCCTAATC-1,0.7054280042648315
female2_TTTAACGAGGTGAAGC-1,0.7429724931716919
female2_TTTAGGATCGAGCAAA-1,0.7225916981697083
female2_TTTCTCACAGACAAAC-1,0.7212992310523987
female2_TTTCTCACAGGCTACT-1,0.9911251664161682
female2_TTTCTCACATAACGGG-1,0.9530542492866516
female2_TTTGCGGAGTTCCTCA-1,0.6595163941383362
female2_TTTGGCTGTTGGTGAC-1,0.6970645785331726
female2_TTTGGTGCAAACCCTA-1,0.9856447577476501
female2_TTTGTCCCAGTTGCGT-1,0.703315019607544
female2_TTTGTGAAGTTTGTCT-1,0.6571150422096252
male2_AAATGCCTCCTAATAG-1,0.6397583484649658
male2_AACATAGCAGACAAAC-1,0.7345044016838074
male2_AACTAGCTCGCACACA-1,0.6192290186882019
male2_AACTTAGTCATAATCG-1,0.7174849510192871
male2_AAGAACAGTCATGCCC-1,0.6952096819877625
male2_AAGAACAGTTAATGCG-1,0.6751838326454163
male2_AAGAATCAGTTAGACC-1,0.7053624987602234
male2_AAGACCAAGTACTGGT-1,0.5530996918678284
male2_AAGACCAAGTAGAGGC-1,0.684399425983429
male2_AAGCAAGTCCCTGATC-1,0.6072257161140442
male2_AAGCATGAGATTGAGG-1,0.6927275657653809
male2_AAGCTTGGTGTTAAAC-1,0.6814171671867371
male2_AAGGCCCTCACGTTAA-1,0.7057939767837524
male2_AAGTGTTGTTACAAAC-1,0.7001595497131348
male2_AATACCGGTGAGACTC-1,0.6807471513748169
male2_AATCTCAAGGCCCAGT-1,0.06522926688194275
male2_AATGTCCAGCTTATGA-1,0.6047384738922119
male2_AATGTCCAGTCATCCC-1,0.0372324176132679
male2_AATTAGCGTCATTGTC-1,0.711918830871582
male2_AATTTGGTCCGTAAAC-1,0.6850956678390503
male2_ACACTTAAGGGATGCG-1,0.7017104029655457
male2_ACATCATCAATTGAGA-1,0.6997398138046265
male2_ACCAAACTCGCCTGTT-1,0.7011335492134094
male2_ACCAAGTTCAAACACC-1,0.6948956251144409
male2_ACCCGCTGTGTGAGAG-1,0.7027016282081604
male2_ACCCTCCCATTGTCCT-1,0.6370100378990173
male2_ACCCTGTTCGTTAGCG-1,0.7045060992240906
male2_ACCGAAGCATAGCAGG-1,0.6311495900154114
male2_ACCTTCATCGCTATGG-1,0.6405165195465088
male2_ACCTTGCTCATCCTGC-1,0.6942279934883118
male2_ACGAACAAGCAAGGGT-1,0.6432792544364929
male2_ACGACAAAGCGAAGTA-1,0.6639575362205505
male2_ACGAGTAAGCAGGTTT-1,0.692156195640564
male2_ACGATTCAGGTCCTAG-1,0.6508641839027405
male2_ACGCACGGTGCATTAG-1,0.715819776058197
male2_ACGGTACGTATTGGAT-1,0.670907735824585
male2_ACTCACTGTTGAGCCG-1,0.6666761636734009
male2_ACTTATCTCATGTCAA-1,0.675775945186615
male2_ACTTATCTCTTGCATT-1,0.6953797340393066
male2_AGAAGGTGTCATCCTG-1,0.7286233305931091
male2_AGACAATAGTTTGCGG-1,0.6952462196350098
male2_AGACACGCACCTACGG-1,0.6536069512367249
male2_AGAGAGGAGCCTGGTA-1,0.621989369392395
male2_AGATGAAGTGTCCTGC-1,0.6699247360229492
male2_AGCAAATAGCACGATT-1,0.6688337326049805
male2_AGCAACAAGTCACCAG-1,0.6940270662307739
male2_AGCATTTCAGCAAGGC-1,0.6074563264846802
male2_AGCCTAGTCGGCTATG-1,0.6801162362098694
male2_AGCTAAACAATGAGGT-1,0.6252880096435547
male2_AGCTAACTCAGGATGA-1,0.756058394908905
male2_AGCTAGTTCAAGGACA-1,0.6887643337249756
male2_AGGCAGGTCTTGTTCG-1,0.6601443290710449
male2_AGGGCCTTCATTACTC-1,0.5582214593887329
male2_AGGGCTACAAGCTACC-1,0.738084614276886
male2_AGGTCTTAGTTAGCTA-1,0.5873403549194336
male2_AGGTTACTCTTTAAGG-1,0.7141854763031006
male2_AGTAACACAGCACCAT-1,0.6864757537841797
male2_AGTAGGATCATTACGA-1,0.6836057901382446
male2_AGTATAGCAAGGCCAA-1,0.6912584900856018
male2_AGTGAGTCATAGACTT-1,0.6314473152160645
male2_AGTGCGGAGTGAACAG-1,0.6424762010574341
male2_AGTTGCAGTGTAATAC-1,0.6270535588264465
male2_AGTTTGATCCAGGAAA-1,0.6957379579544067
male2_ATAACGACACATAACT-1,0.7183871269226074
male2_ATACCTGCACTGGCCA-1,0.6742704510688782
male2_ATATGCTCAAACTGTT-1,0.7097217440605164
male2_ATGAAGTAGAATCTCA-1,0.6562047600746155
male2_ATGCTTAAGCTTTGGG-1,0.10424445569515228
male2_ATGGTCTAGGAGTCGG-1,0.6526726484298706
male2_ATGTAAGCATAGCAGG-1,0.70558100938797
male2_ATGTTGTCATTGTCCT-1,0.6707285046577454
male2_ATGTTTGAGGCAATAG-1,0.7160724997520447
male2_ATTACGTCATTATGCG-1,0.6778119206428528
male2_ATTACTGAGTCCTGAG-1,0.6970196962356567
male2_ATTATCCTCACCTGTC-1,0.7090015411376953
male2_ATTCACTTCTTAGGGT-1,0.622840166091919
male2_ATTGACTCAACAACAA-1,0.6995506882667542
male2_ATTGCGCCACTGGCTG-1,0.6966822743415833
male2_ATTGTGATCAATTACG-1,0.7019500732421875
male2_CAACTAGGTTAACAGT-1,0.6879275441169739
male2_CAAGGGAGTAAGCACC-1,0.6764253377914429
male2_CAAGGTAAGGTCCGTA-1,0.7067416906356812
male2_CAAGTGAAGCGGTTAT-1,0.6925085186958313
male2_CAATAAGCATAGCTGC-1,0.026319513097405434
male2_CAATGAACATGAAGTA-1,0.6851072907447815
male2_CAATGCCCACAACCTA-1,0.7098814249038696
male2_CACAAGCGTGCTTAGA-1,0.602316677570343
male2_CACAATATCATTAGGC-1,0.7123578786849976
male2_CACAGGCTCCTAATTC-1,0.7086301445960999
male2_CACCGGTAGCGCATTG-1,0.6957131624221802
male2_CACTAGCCACGAATTT-1,0.6216332316398621
male2_CACTTAAAGGAACGCG-1,0.3894636631011963
male2_CACTTAAAGTAGCTTA-1,0.6934987902641296
male2_CAGCCTAAGGATTGAG-1,0.6415585875511169
male2_CAGCTATAGCATTATG-1,0.700437068939209
male2_CAGCTCAAGAGAGGCT-1,0.056500181555747986
male2_CAGGAAGGTTAGACCA-1,0.6496254801750183
male2_CAGGCTGGTTAGAGCC-1,0.011090140789747238
male2_CAGGCTGGTTCCGCAC-1,0.6215794086456299
male2_CATCCCAGTTACTTGC-1,0.6916278600692749
male2_CATCCCAGTTCCAGGG-1,0.7259010672569275
male2_CATCCTCAGTTAGGCT-1,0.6845912933349609
male2_CATGCAAGTAAGCTTG-1,0.6416299939155579
male2_CATGCGCAGTAAGAAC-1,0.725073516368866
male2_CCAAACCCATTAAGCT-1,0.6816224455833435
male2_CCAACCAAGGACCGCT-1,0.6351968050003052
male2_CCAACCAAGGGTCCAC-1,0.7538294792175293
male2_CCACATTGTGTTAGCA-1,0.705869734287262
male2_CCATAAATCATCCTGC-1,0.6505848169326782
male2_CCCAGCACAAAGGTAC-1,0.7065473794937134
male2_CCCTAATGTGATGAGG-1,0.6890425086021423
male2_CCCTAATGTGGGTACT-1,0.7079312205314636
male2_CCCTCATAGTGTTGTA-1,0.6915224194526672
male2_CCGCACACAGGTCCTG-1,0.49654626846313477
male2_CCGCCAACAGCTTAAT-1,0.6670365929603577
male2_CCGTTAACATTTAAGC-1,0.6836543679237366
male2_CCGTTTGGTGATGAAA-1,0.6170348525047302
male2_CCGTTTGGTTAGTGAT-1,0.7387531399726868
male2_CCTAAAGGTCGTAAAT-1,0.6327370405197144
male2_CCTGATGAGTGAGCAA-1,0.6490004658699036
male2_CCTGGTAAGCGAGCGA-1,0.6801916360855103
male2_CCTTCAATCATGTTTC-1,0.7089473605155945
male2_CGAAATGAGCATGGTT-1,0.6957487463951111
male2_CGAAGCCTCCAGGTTG-1,0.7325323224067688
male2_CGAGGCAAGCTAATTG-1,0.7000007033348083
male2_CGATCCTTCCCAGTAG-1,0.6526802182197571
male2_CGCAATAGTTACCGGG-1,0.6549199819564819
male2_CGCATTTGTTAGACCA-1,0.7063339352607727
male2_CGCGGATTCAAATCGC-1,0.6595717668533325
male2_CGCTAACCAATAATCC-1,0.7078858017921448
male2_CGCTAACCATAATCGT-1,0.6763966679573059
male2_CGCTTCTAGGTCGATT-1,0.7140496373176575
male2_CGGATAAAGCTGGAAA-1,0.6773912310600281
male2_CGGATAAAGTAAACCC-1,0.6683860421180725
male2_CGGATTAGTTGGCGTG-1,0.689551591873169
male2_CGGTAACGTGGAGCAA-1,0.67601078748703
male2_CGGTTGGGTAATCACG-1,0.6463088393211365
male2_CGGTTTGAGGAGCATA-1,0.016917400062084198
male2_CGTAACTAGTGAGCAA-1,0.6949734687805176
male2_CGTAGCGGTGTTGTGA-1,0.6586354374885559
male2_CGTATTGCAAACCCTA-1,0.6271039247512817
male2_CGTCATTGTAGGATCC-1,0.67851722240448
male2_CGTTAGGTCATGAAGG-1,0.646719753742218
male2_CGTTAGTAGGCTCATG-1,0.1570570021867752
male2_CGTTATCGTCATGCCC-1,0.6933553218841553
male2_CTAACCCTCACAAGCT-1,0.6860150098800659
male2_CTACGAAGTAGGTTTG-1,0.6696079969406128
male2_CTACGAAGTGTGAGGA-1,0.6251639723777771
male2_CTAGGACGTCTCACTG-1,0.7157514095306396
male2_CTATGATCATCTAGCA-1,0.6933796405792236
male2_CTATGTTTCGAGGAGT-1,0.69263756275177
male2_CTATTGAAGTCTTGAA-1,0.033822573721408844
male2_CTCATGCTCATAGCCG-1,0.6412824988365173
male2_CTCATTTAGACTATTG-1,0.02456362172961235
male2_CTCCAACTCATGGCTG-1,0.683422327041626
male2_CTCGCTAGTCACCTAT-1,0.6674157381057739
male2_CTCTAGCTCTGTGCAG-1,0.6689379811286926
male2_CTCTGTTCAACTAACT-1,0.6610011458396912
male2_CTCTTGATCTAAGGTC-1,0.660585880279541
male2_CTGACATAGAATCTCA-1,0.6946424245834351
male2_CTGACATAGGCTGTCA-1,0.6353071928024292
male2_CTGCTATGTTAGGCGT-1,0.6917420625686646
male2_CTGTGTGAGCGAAGTA-1,0.6552648544311523
male2_CTTAACAAGCCTCTGT-1,0.6204854846000671
male2_CTTAGGAGTTAAGGCC-1,0.6987510323524475
male2_CTTCACTCAAGCGATG-1,0.6848105788230896
male2_CTTCACTCATCATGTG-1,0.704330563545227
male2_CTTTATGGTGATCAGC-1,0.6606729030609131
male2_GAAAGCCAGTGAGCGG-1,0.6452381610870361
male2_GAACCGCTCAGCACGC-1,0.6558098793029785
male2_GAACGAATCTTTGACT-1,0.666497528553009
male2_GAACTTATCTCACTCA-1,0.6240954995155334
male2_GAAGCTAAGGCAATAG-1,0.6689898371696472
male2_GAAGGATGTGTCACGG-1,0.015433462336659431
male2_GAAGGCCCATATTGAC-1,0.7030932307243347
male2_GACATTATCTAAGTCA-1,0.6783595681190491
male2_GACATTATCTCGACCT-1,0.6947873830795288
male2_GACCTAAGTGGTGAGA-1,0.6948491930961609
male2_GACCTCAAGTCAGTAC-1,0.6651449203491211
male2_GACCTGCAGTTATCTC-1,0.2622794210910797
male2_GACTATTCAGGCGAGT-1,0.6495031118392944
male2_GAGCAAATCATGTTTC-1,0.6573656797409058
male2_GAGCCACTCCTAAGAC-1,0.6620059013366699
male2_GAGCTTAGTTTAACCC-1,0.517288863658905
male2_GAGGAGGCACAAAGCG-1,0.6516851782798767
male2_GAGGCTTGTGTGCAAC-1,0.6703864336013794
male2_GAGTAATAGGAACCGG-1,0.646472692489624
male2_GAGTATCTCTAACCAA-1,0.6611260175704956
male2_GAGTCATTCCATAAGC-1,0.691631019115448
male2_GAGTGATCAATAACGA-1,0.711528480052948
male2_GAGTTACTCCTAATTC-1,0.6166020631790161
male2_GATAAAGGTTATCGAG-1,0.754456639289856
male2_GATCAGTTCAAGCTTA-1,0.7138763070106506
male2_GATCGATTCAATACGC-1,0.6460793614387512
male2_GATGGCTGTTAAGCCA-1,0.6532444357872009
male2_GATTATGTCCTCAGTC-1,0.7137348651885986
male2_GATTATGTCGATTATG-1,0.7143863439559937
male2_GCAAGCCTCACTAGGT-1,0.7220221161842346
male2_GCAAGTCGTCCAAATG-1,0.707531750202179
male2_GCAATAGAGGCGAAAC-1,0.6152275204658508
male2_GCACGAACATGGTTAT-1,0.700328528881073
male2_GCAGGCTTCATTGTCT-1,0.6840801239013672
male2_GCATATATCATTAGGC-1,0.7006864547729492
male2_GCCAACATCATAACTG-1,0.6820476651191711
male2_GCCAACATCATTAGCA-1,0.03812693804502487
male2_GCCATGATCATAGCCG-1,0.7253561615943909
male2_GCCGTGAGTTTGGCTT-1,0.7077831625938416
male2_GCGAGTGAGAGAGGAG-1,0.6638408899307251
male2_GCGCTAGGTGTTAGCA-1,0.7288013100624084
male2_GCGGTTATCAAGCGCC-1,0.6868396401405334
male2_GCTAAGAAGTCATTGA-1,0.7071548700332642
male2_GCTAAGTTCCCTCACG-1,0.01747013069689274
male2_GCTCGATCAAGTGTTT-1,0.67300945520401
male2_GCTCTGGCATAGCTTG-1,0.6417842507362366
male2_GCTGACATCGGCCATA-1,0.6048005819320679
male2_GCTGACCAGGGACCTC-1,0.6951971054077148
male2_GCTGTACCAGAAATTG-1,0.6529743075370789
male2_GCTGTGATCGGTTAGT-1,0.7007102370262146
male2_GCTGTGATCTAGCTTT-1,0.6265425086021423
male2_GCTTCGCGTGATGGCT-1,0.628339946269989
male2_GGAACGGTCATGGTTA-1,0.6529356241226196
male2_GGACTAAAGGGTCCAC-1,0.7126143574714661
male2_GGATATTGTCCTAATC-1,0.05336947366595268
male2_GGATGGCCAATGAGGT-1,0.6362518668174744
male2_GGATTCAGTGTGTGGT-1,0.016631146892905235
male2_GGCCAACTCGTTTCTG-1,0.6809732913970947
male2_GGCCTCTGTCCAAATG-1,0.685234010219574
male2_GGCTATTAGCTAAAGG-1,0.10605619102716446
male2_GGCTGGTTCGCTCCAT-1,0.6675627827644348
male2_GGCTTCAAGGAGCATA-1,0.6872650980949402
male2_GGCTTCAAGGGCCACT-1,0.6873874664306641
male2_GGGCAATAGGGCCACT-1,0.7104025483131409
male2_GGTCAATTCCTGGTGA-1,0.634405791759491
male2_GGTCCTGCAAACAACA-1,0.6921509504318237
male2_GGTGAGCCATGAGCAG-1,0.021528169512748718
male2_GGTGCTGGTTCCTGTG-1,0.6903831362724304
male2_GGTTGAGCATCCCGCT-1,0.6420050263404846
male2_GGTTTAATCTTGATGA-1,0.6939495205879211
male2_GGTTTGTAGTCGCTAG-1,0.6286545395851135
male2_GTAAGCAAGTAACCCG-1,0.10706373304128647
male2_GTACGTAGTAATTAGC-1,0.09868835657835007
male2_GTAGGAGGTTAGTACG-1,0.013767246156930923
male2_GTAGGATCAGGACACA-1,0.04076939821243286
male2_GTAGGTGCATGCTCCC-1,0.6530722975730896
male2_GTATTCAAGGCATTGT-1,0.677185595035553
male2_GTCCAAGTCGTTATAG-1,0.6907059550285339
male2_GTCGGTTCAGGCATCT-1,0.7151291966438293
male2_GTCTAATCACATGCTA-1,0.7490565180778503
male2_GTCTAATCATTATGGT-1,0.5652942657470703
male2_GTCTATCGTCCTAAGA-1,0.6575576066970825
male2_GTCTCACTCATTGCAA-1,0.6888654232025146
male2_GTCTCACTCGCTAGTG-1,0.6800873875617981
male2_GTCTTTAGTAATTAGC-1,0.6516991257667542
male2_GTGATCAGTCCAAGAC-1,0.6723802089691162
male2_GTGCACGGTCACAGAC-1,0.7138370871543884
male2_GTGCGCAGTGATGAGG-1,0.6797518134117126
male2_GTTAATGTCCGCCTAT-1,0.6622669696807861
male2_GTTAGGCGTTTATCGC-1,0.6468932628631592
male2_GTTCATTTCAAACCTA-1,0.6245313882827759
male2_GTTCCCAGTTTGTGGA-1,0.658166229724884
male2_GTTCGCTTCCCTCGCA-1,0.684141993522644
male2_GTTTAGCAGTAACGGA-1,0.7223287224769592
male2_TAACCAGGTGCCTCAC-1,0.6491633057594299
male2_TAACCGGTCCTCACAC-1,0.6914359331130981
male2_TAAGCTGGTAGGTGTC-1,0.7077223062515259
male2_TAAGTGCTCAAGCGCC-1,0.6313542723655701
male2_TAATCCGCATAATTGC-1,0.6195562481880188
male2_TACAACATCTTAGCGG-1,0.6343075633049011
male2_TACCGTTGTTGAGCCG-1,0.6387389898300171
male2_TACGCTTGTACTTCAC-1,0.6606814861297607
male2_TAGCAGGCACAGACTC-1,0.6163297891616821
male2_TAGGAGGGTGAGCGAA-1,0.649043619632721
male2_TAGGTTATCAGGTCCA-1,0.02909151278436184
male2_TAGTAACGTTACCTGT-1,0.7157426476478577
male2_TAGTTTGAGTAGCGCC-1,0.6456571221351624
male2_TATATCCTCCGCATGA-1,0.694557249546051
male2_TATCACAAGCTGTACG-1,0.7016038298606873
male2_TATCGAGGTAAACAAG-1,0.6942581534385681
male2_TATTAGGTCAGGAACA-1,0.6654210686683655
male2_TCAACAATCCCGCAAA-1,0.6943237781524658
male2_TCAAGCTAGCGGTTAT-1,0.7022489309310913
male2_TCAGCGATCCCGTTAC-1,0.6896893382072449
male2_TCAGGAGCAATTTAGC-1,0.7027233839035034
male2_TCAGGTTAGAAAGGAA-1,0.7270367741584778
male2_TCAGTGAGTTGGTTAG-1,0.7023850083351135
male2_TCATAACCACAGCCAT-1,0.7767819166183472
male2_TCATGCCTCTAATCCT-1,0.6168909668922424
male2_TCATGTTTCCTGGTCT-1,0.7438615560531616
male2_TCCATCATCAGGCTAT-1,0.6215701103210449
male2_TCCCTGGTCTCACACC-1,0.7064864635467529
male2_TCCGGTTTCTGTTCAT-1,0.672588586807251
male2_TCCTTCAAGCCTGAGC-1,0.7072713971138
male2_TCGCTAACAATAGTCT-1,0.6434685587882996
male2_TCGGTAAGTACCTTAC-1,0.6112664937973022
male2_TCGGTAAGTTAGGTTG-1,0.6861280798912048
male2_TCGTGCTTCCCATAAA-1,0.6583473086357117
male2_TCGTTTCCAGCCTAAC-1,0.6673946380615234
male2_TCTAACTTCCACCTTA-1,0.6759153604507446
male2_TCTAACTTCCTCGATC-1,0.6339532136917114
male2_TCTAATCTCATTACTC-1,0.6751322746276855
male2_TCTTAGTTCAGGTTTA-1,0.6714924573898315
male2_TGAAGCAAGCGCCTAA-1,0.7103435397148132
male2_TGAAGGATCTTGCAAA-1,0.680731475353241
male2_TGACTTAAGCGGTTAT-1,0.6089847683906555
male2_TGAGCCGGTTCCATTA-1,0.6938272714614868
male2_TGAGCTTAGCCTGAGC-1,0.6138363480567932
male2_TGATCAGGTAACAGGG-1,0.01715102791786194
male2_TGATGAACAAACCTAT-1,0.6819946765899658
male2_TGCACCTTCATCCTGC-1,0.6775293350219727
male2_TGCATGAGTGGGAACA-1,0.6732744574546814
male2_TGCCGGTAGTTTGAGC-1,0.6289678812026978
male2_TGCGGTTCAGAGGCTA-1,0.6726975440979004
male2_TGCTATGCAGTAATAG-1,0.7340749502182007
male2_TGCTCCGTCTAAGGTC-1,0.6289646625518799
male2_TGCTTCATCAAGCCTG-1,0.7163273096084595
male2_TGCTTCCAGTAACCAC-1,0.6154255270957947
male2_TGCTTGCTCTAATTGG-1,0.7377920746803284
male2_TGGTAAACATAGACCC-1,0.7025368213653564
male2_TGGTCAGTCCTTAGGG-1,0.6774166822433472
male2_TGGTCCTTCTAATTGG-1,0.6660441756248474
male2_TGTAATGTCCCGCATT-1,0.6728175282478333
male2_TGTCCTGGTTATCGAG-1,0.6874490976333618
male2_TGTGATCAGTTGTCTT-1,0.6779880523681641
male2_TGTGGAGCATGTCGCG-1,0.6969432830810547
male2_TGTTATGAGAAGCTAG-1,0.6869620680809021
male2_TGTTGTGCACCTACTT-1,0.7105450630187988
male2_TTACCGTGTTGAGCCG-1,0.7160792946815491
male2_TTACGTTTCTCCTCTT-1,0.7223338484764099
male2_TTAGAAGCAGGTTATT-1,0.7130468487739563
male2_TTAGCGGTCTAAGGTC-1,0.6785209774971008
male2_TTAGCTGCAACCCTAA-1,0.7072573900222778
male2_TTATTGCTCCGCAAGC-1,0.6773653030395508
male2_TTCAGCACACGTAAGG-1,0.6891456842422485
male2_TTCCACGGTGAGACTC-1,0.1069616973400116
male2_TTCCCGCCATCCCTCA-1,0.6372586488723755
male2_TTCGCAACATAACGGG-1,0.6870020627975464
male2_TTCGGTACAAACCTTG-1,0.6752802133560181
male2_TTCGGTACAAATACCT-1,0.6365348100662231
male2_TTGACGTAGTGGCGGA-1,0.6772598028182983
male2_TTGGATCAGTTGTCCC-1,0.722929060459137
male2_TTGGCGGGTTGTTCAC-1,0.0911104753613472
male2_TTTATGGAGGACTTAC-1,0.6504776477813721
male2_TTTGGTAAGACACTTA-1,0.701292097568512
male2_TTTGGTAAGCTGAGGG-1,0.7187727093696594
male2_TTTGGTGCAGTATGTT-1,0.6848502159118652
male2_TTTGTGAAGGATCACT-1,0.6974596381187439
male2_TTTGTGAAGGTTTACA-1,0.6426187753677368
male2_TTTGTGTTCATAACCA-1,0.6849985718727112
female1_AAACGGATCCTCCATA-1,0.8709593415260315
female1_AAAGCAAGTGAGACTC-1,0.6936257481575012
female1_AACATTGTCATGGTGT-1,0.7836799621582031
female1_AACCGGCTCGTTTCCA-1,0.6971043944358826
female1_AACCTAATCACCTGCT-1,0.6934472918510437
female1_AACCTAATCAGTTCCC-1,0.6779946088790894
female1_AACTCACAGATAGACG-1,0.7074695229530334
female1_AACTTAGTCCTTTACG-1,0.7103714346885681
female1_AAGCTCCCAGCATGAG-1,0.7123314738273621
female1_AAGGCCCTCTCACTAT-1,0.6614346504211426
female1_AATTCGTCATTGTCAG-1,0.8164803981781006
female1_AATTGACGTAATTAGC-1,0.8864719271659851
female1_AATTGGACAAGTCGCT-1,0.6882743835449219
female1_ACAACAGAGGTGTTAC-1,0.7323079109191895
female1_ACACCTTGTCAAAGGG-1,0.6740347146987915
female1_ACACTAGGTTGGTTGA-1,0.024170447140932083
female1_ACAGCCGGTACCGAAC-1,0.7679745554924011
female1_ACAGCGCTCGCGCTAA-1,0.7612410187721252
female1_ACAGTATGTAATGACT-1,0.953258216381073
female1_ACATCATCATGTCAGC-1,0.7131589651107788
female1_ACATTAGTCCTGGTCT-1,0.9219863414764404
female1_ACCATAATCTCACACC-1,0.746397852897644
female1_ACCCAGGGTAGTCAAT-1,0.6495320200920105
female1_ACCCAGGGTCTAACAG-1,0.6680640578269958
female1_ACCCGTAAGGCTACTG-1,0.6777679324150085
female1_ACCTCACTCAATAGCC-1,0.7419021725654602
female1_ACGGTACGTAGGATTT-1,0.6814598441123962
female1_ACGGTTAGTGTTAAAC-1,0.7040530443191528
female1_ACGTCAAGTCACCTAT-1,0.7171971201896667
female1_ACGTCCAAGCCAGTAT-1,0.7120025753974915
female1_ACGTTGTAGTCATCCC-1,0.6900656223297119
female1_ACTAGGCGTGGATTGC-1,0.6652107238769531
female1_ACTCAGTAGTAACGAG-1,0.7294203639030457
female1_ACTGAAACAAGTGAAC-1,0.6778530478477478
female1_ACTTGCACAATGAGGT-1,0.7279909253120422
female1_AGCAAGGGTTTAGCTC-1,0.6675821542739868
female1_AGCACTAGTACGGTAC-1,0.6909818649291992
female1_AGCCAGTGTGGATGTC-1,0.6222426295280457
female1_AGCGATTTCGGTAACT-1,0.6704312562942505
female1_AGCGCCTAGTAGCGCC-1,0.9565412998199463
female1_AGGTTAACATGAATCT-1,0.747048556804657
female1_AGTAAGTAGGGCTTTG-1,0.8016727566719055
female1_AGTAATCGTAACTACG-1,0.6728230118751526
female1_AGTCGCATCAAACTCA-1,0.7211599946022034
female1_AGTGCACGTAGCTGCG-1,0.6774566173553467
female1_AGTGCCGGTATTGAGT-1,0.7431473135948181
female1_AGTTATGTCCTAGTAA-1,0.6676577925682068
female1_AGTTGTCAGCTCGCTT-1,0.737847089767456
female1_ATATGGTGTGGGAACA-1,0.6628962159156799
female1_ATCAAGACATAGACTT-1,0.7167937159538269
female1_ATCAATCCAACAGGTG-1,0.8684537410736084
female1_ATCATGTCAAGCGAGC-1,0.6770709156990051
female1_ATCCCGCGTTCGCTCA-1,0.741955578327179
female1_ATCGCTTGTATGGTGC-1,0.6700068116188049
female1_ATCGGCCAGGTCCGTA-1,0.9558290839195251
female1_ATGCGATTCTTTAAGG-1,0.7440789341926575
female1_ATGGACAAGGCTAATC-1,0.6906149983406067
female1_ATGGCTAGTCCTAATC-1,0.6791574954986572
female1_ATGTCATCAAACGCGA-1,0.8835977911949158
female1_ATTACCGCACTGGCTG-1,0.8651415109634399
female1_ATTATCCTCCTGGTCT-1,0.894058346748352
female1_ATTGCACAGCAACAAG-1,0.7303583025932312
female1_ATTTGCGCAATAACGA-1,0.8374500870704651
female1_CAAAGCGCAGGATGGC-1,0.6929972767829895
female1_CAAAGCGCAGGATTAA-1,0.832276463508606
female1_CAAGGGAGTGAGCAAG-1,0.7921644449234009
female1_CAAGTAACATACTCCT-1,0.8406703472137451
female1_CAAGTGAAGTATTGGC-1,0.8479711413383484
female1_CAAGTTATCATGCTTT-1,0.6407707929611206
female1_CAATATGTCCCTCATA-1,0.6897107362747192
female1_CAATGTCAGTTACCGG-1,0.6815766096115112
female1_CACGCTAAGCTCAAAC-1,0.7511909604072571
female1_CACTTTGTCCTAGTCC-1,0.7868468165397644
female1_CAGCAAGCAAGGTAAC-1,0.7470729351043701
female1_CAGCTATAGGACTTAC-1,0.8799461722373962
female1_CAGGCTATCCCTGGAA-1,0.9677382111549377
female1_CAGGCTGGTCCAAATG-1,0.7480227947235107
female1_CAGGTGGAGCTCCTAC-1,0.7264779806137085
female1_CAGGTTTAGGCACAGG-1,0.6859363913536072
female1_CATAGGTTCAGCATTA-1,0.7837034463882446
female1_CATCAGCCATGCATAT-1,0.670202910900116
female1_CATCATGCACATGCTA-1,0.705905556678772
female1_CATGCATAGGGCCATC-1,0.7200409173965454
female1_CATTGCGAGTGAACGA-1,0.7789333462715149
female1_CATTTGTTCGCTAGTG-1,0.6410068869590759
female1_CCAAACCCAATTGACT-1,0.6825535297393799
female1_CCAAACCCACCGGCTA-1,0.7404452562332153
female1_CCACAATAGCATTATG-1,0.7612226605415344
female1_CCAGGAACAGCCTAAC-1,0.7607373595237732
female1_CCCAAATAGGAACCAA-1,0.7470275163650513
female1_CCCAACCGTTTCGCCA-1,0.7179984450340271
female1_CCCGCAACACAGAAAC-1,0.7567545771598816
female1_CCCTAATGTAACGGGA-1,0.6940464973449707
female1_CCCTCAGTCTATCGCC-1,0.7436633110046387
female1_CCGACAGGTCCACAAA-1,0.7568580508232117
female1_CCGCACACAATTTGGT-1,0.6143478751182556
female1_CCGTTACTCAAGCCTG-1,0.6798994541168213
female1_CCGTTACTCCCTCATA-1,0.019015446305274963
female1_CCGTTTGGTTATTGCC-1,0.8801463842391968
female1_CCTACTTCAATGCCTA-1,0.7831374406814575
female1_CCTGCTCCAGGACACA-1,0.6980224847793579
female1_CCTTAGTGTTGGTTCT-1,0.6588170528411865
female1_CGAATCTAGTAACGGA-1,0.6760023236274719
female1_CGACCTGCAGCAAGTG-1,0.7103278040885925
female1_CGCATATAGTAAAGGT-1,0.7317008376121521
female1_CGCTACTTCCGCATGA-1,0.6966172456741333
female1_CGGCAATGTTACATCC-1,0.6574998497962952
female1_CGGGTCTAGCACAGCC-1,0.8189988136291504
female1_CGTCAATAGCCTGATG-1,0.8508322238922119
female1_CGTGCTTTCCTAGTTT-1,0.7150011658668518
female1_CGTTAAATCAAGCGCC-1,0.8992824554443359
female1_CGTTATCGTCGCATAA-1,0.7502401471138
female1_CTAATCGCATAATCAC-1,0.9182770848274231
female1_CTACAACAGCTCCTAC-1,0.6860657334327698
female1_CTAGCTGAGGAGGCAT-1,0.7080489993095398
female1_CTAGGCGGTAAAGCGG-1,0.9509806632995605
female1_CTAGTAGGTTTGCAGA-1,0.7141709327697754
female1_CTAGTTGCACATTAAC-1,0.751819908618927
female1_CTATTACTCTCACTCA-1,0.8379402160644531
female1_CTATTCAGTAATCCCT-1,0.6792563796043396
female1_CTATTGAAGGCCATCA-1,0.7336766123771667
female1_CTCATGCTCGCAACAT-1,0.7168691754341125
female1_CTGGTAAGTGTAACCA-1,0.7874159812927246
female1_CTGGTTACAGCCTGCA-1,0.8315492272377014
female1_CTGTGTGAGGAGTCGG-1,0.813652515411377
female1_CTGTGTGAGTAACAGG-1,0.7060919404029846
female1_CTGTTAAAGTCACCAG-1,0.6714812517166138
female1_CTTAATGAGGCTCATG-1,0.7605209350585938
female1_CTTACCTCATGACTAT-1,0.9022634029388428
female1_CTTGAACAGCTGGCTA-1,0.7075017094612122
female1_GAAACCCGTCATGAGC-1,0.014539509080350399
female1_GAACCAAAGGTAAGGC-1,0.7999526858329773
female1_GAACCGCTCCTTGCAC-1,0.7501753568649292
female1_GAACGAATCATGCTCC-1,0.7173687815666199
female1_GAAGGCTAGTTATGTG-1,0.8649721145629883
female1_GAAGTAAGTAAGCTTG-1,0.6697611212730408
female1_GACATAGAGGAGCATA-1,0.6880195140838623
female1_GACTTAGGTCCTAAGA-1,0.7376694083213806
female1_GAGAAACGTTAATGAC-1,0.8548926115036011
female1_GAGAACCAGCCGCAGT-1,0.06627824157476425
female1_GAGCCACTCCTAGTCC-1,0.7375224828720093
female1_GAGCGGTCACAAAGAC-1,0.6884457468986511
female1_GAGTGAGGTTAGAGGG-1,0.7262787222862244
female1_GATAACGAGGTAGCTT-1,0.6976466178894043
female1_GATAAGCCATAGGCGA-1,0.714869499206543
female1_GATCGAGCAGGTCCTG-1,0.9151431322097778
female1_GATCGATTCTGTTGCC-1,0.6639169454574585
female1_GATGCTTAGCAGCTCA-1,0.7608851790428162
female1_GCAAACTTCATGGCTG-1,0.9093983769416809
female1_GCAGGACCACAGCCAT-1,0.666578471660614
female1_GCCAATTAGGATTGAG-1,0.060969095677137375
female1_GCCTTAACACACCAAC-1,0.6955698132514954
female1_GCGATTAGTTAACACG-1,0.7303523421287537
female1_GCGCCTTGTGTCCTGC-1,0.8230522274971008
female1_GCTAATATCAAGCTAC-1,0.7951008677482605
female1_GCTATAGGTCATTGAG-1,0.8941999673843384
female1_GCTGAGGAGCAGCTAT-1,0.7298377752304077
female1_GCTGGATGTCCGGTTC-1,0.7215499877929688
female1_GCTTAAATCACAGACT-1,0.6709923148155212
female1_GCTTTACGTATTGTGG-1,0.7611731886863708
female1_GGAACTAAGCTTGCTC-1,0.7117019295692444
female1_GGAAGCTAGGCGGGTA-1,0.7266396284103394
female1_GGACAGCCAAACAACA-1,0.6445795297622681
female1_GGATTCAGTACAAAGA-1,0.6718299388885498
female1_GGCCTTAAGCTCAATA-1,0.7178979516029358
female1_GGGATAATCTTGCATT-1,0.8192509412765503
female1_GGGTTATTCCAGGTTG-1,0.697544276714325
female1_GGTAGGAGTACGTTTC-1,0.9302191138267517
female1_GGTCAAGCACGTAATT-1,0.6692394614219666
female1_GGTCATTAGCTTATGA-1,0.9626622796058655
female1_GGTCATTAGGCTGTGC-1,0.7089756727218628
female1_GGTCTTTGTTGGTTAG-1,0.674953043460846
female1_GGTTCCCGTCACAAAT-1,0.6444463729858398
female1_GTAAAGCCAGTAAGTA-1,0.9192672967910767
female1_GTAAGCTTCCACCTGT-1,0.7200635671615601
female1_GTACCGGGTTAGGTTG-1,0.007845312356948853
female1_GTACTTCGTCCTAAGA-1,0.9001887440681458
female1_GTATGTTCAGTATGTT-1,0.6734873652458191
female1_GTCCTAGAGCGCAATT-1,0.846998393535614
female1_GTGCGCAGTGTTGCAA-1,0.7317944169044495
female1_GTTCCCAGTGTAATAC-1,0.6764483451843262
female1_GTTCCTGGTTCCGGGA-1,0.8345617651939392
female1_GTTCTTAGTTGCCTCA-1,0.7089805603027344
female1_GTTGGCGGTCAGGCAT-1,0.7233620882034302
female1_GTTTCAGCAGATAGAC-1,0.8029201626777649
female1_TAAACAGCACCCACAG-1,0.017106149345636368
female1_TAAGTGCTCTCACTCA-1,0.7419837713241577
female1_TAATTGCCAATTAGGA-1,0.7145700454711914
female1_TACGTAATCGCACACA-1,0.7211585640907288
female1_TACGTTAAGCTTTGTT-1,0.7346066236495972
female1_TACTTCGTCCATTACT-1,0.7074766159057617
female1_TAGACCAGTGGTTCTT-1,0.6588030457496643
female1_TAGGTTATCCTTCGTA-1,0.8761792182922363
female1_TAGTTGTCAGGCGAGT-1,0.7167381048202515
female1_TAGTTTGAGGATTTGC-1,0.7432158589363098
female1_TATCCAGCAAACATAG-1,0.6806949973106384
female1_TATCGAGGTACAAAGA-1,0.7061100006103516
female1_TATGGTCAGCAAACCT-1,0.9111891388893127
female1_TATTCGTTCTACTAAG-1,0.7108949422836304
female1_TCAAACCAGCCGCTAA-1,0.6836920380592346
female1_TCACGGATCCTAGTTT-1,0.7309538125991821
female1_TCATGCCTCGCTCACT-1,0.7401262521743774
female1_TCATTACTCTGTGCCT-1,0.6894375681877136
female1_TCCGGTTTCCTTAATC-1,0.7127885222434998
female1_TCCTTGCAGCGAGGTG-1,0.7010436058044434
female1_TCCTTTACAACTAGCC-1,0.758355975151062
female1_TCGGTTTGTTGGGTTA-1,0.8739886283874512
female1_TCTACTAGTTCCGGGA-1,0.8517336249351501
female1_TCTATGTTCAACAAGG-1,0.6727014780044556
female1_TCTCAAGCAGTTAGCC-1,0.680199921131134
female1_TCTGTGACAATATAGG-1,0.9897539019584656
female1_TGAAGCAAGCACAGGG-1,0.6855376362800598
female1_TGACCTTGTAGACAAA-1,0.8667203187942505
female1_TGATTAGTCATAAGCC-1,0.805297315120697
female1_TGCTAGCCATGGCCTG-1,0.748131513595581
female1_TGCTTGCTCTTGTCCA-1,0.03082934580743313
female1_TGGATTCAGGGTGAAC-1,0.890345573425293
female1_TGGTCCTTCATGCGTG-1,0.7640182375907898
female1_TGGTTCCTCCTGGTGA-1,0.7527906894683838
female1_TGTATCCGTCGCAATA-1,0.731836199760437
female1_TGTATCGCATAATCCG-1,0.711312472820282
female1_TGTGCACCAGTCTAGC-1,0.6690049171447754
female1_TGTGCGCAGCAACATC-1,0.6900644302368164
female1_TGTTGGCCACAGAACG-1,0.7128875255584717
female1_TTAAAGGCACCGGTAT-1,0.7216177582740784
female1_TTACACCGTTAAATGC-1,0.6653150916099548
female1_TTAGACTCATGAGCAG-1,0.6725444793701172
female1_TTAGGCGTCATTGTTC-1,0.7555176019668579
female1_TTCAGTTTCAGGAAGC-1,0.03998403623700142
female1_TTCGTGCTCACAGCCA-1,0.8825533986091614
female1_TTGCTCTCAGGCTTGT-1,0.6817673444747925
female1_TTGCTTAGTACTTAGG-1,0.7117125988006592
female1_TTGGATCAGGCGCACT-1,0.7640323042869568
female1_TTGGGCCAGTTGGATC-1,0.9013271331787109
female1_TTGGTGAGTGTTGCTT-1,0.8774875998497009
female1_TTGTAAGTCTAAGGTC-1,0.8976176381111145
female1_TTGTCAAAGTTTGCGG-1,0.7427210807800293
female1_TTGTGTGCAAGTGAAC-1,0.6779214143753052
female1_TTGTGTGCACTTACAG-1,0.8041247725486755
female1_TTGTTCCCAGGAACAT-1,0.686159610748291
female1_TTGTTGCGTCCCGGAA-1,0.6899319291114807
female1_TTGTTGTTCGCTTCTA-1,0.7264384031295776
female1_TTTACGCGTGTCCTGC-1,0.684222400188446
female1_TTTCCGGGTGATTACG-1,0.711441695690155
female1_TTTGTCCCAATTGAGA-1,0.031621772795915604
female1_TTTGTGAAGGTAGCTT-1,0.9572471380233765
